Adriana Chechik signed model B 8x10 Photo -PROOF- -CERTIFICATE- (A1083),AdrianaC108322022023rb,29.95,1,,39,,rb
Adriana Chechik signed model B 8x10 Photo -PROOF- -CERTIFICATE- (A1084),AdrianaC108422022023rb,29.95,1,,39,,rb
Adriana Chechik signed model B 8x10 Photo -PROOF- -CERTIFICATE- (A1085),AdrianaC108522022023rb,29.95,1,,39,,rb
Adriana Chechik signed model B 8x10 Photo -PROOF- -CERTIFICATE- (A1086),AdrianaC108622022023rb,29.95,1,,39,,rb
Adriana Chechik signed model B 8x10 Photo -PROOF- -CERTIFICATE- (A1087),AdrianaC108722022023rb,29.95,1,,39,,rb
Adriana Chechik signed model B 8x10 Photo -PROOF- -CERTIFICATE- (A1088),AdrianaC108822022023rb,29.95,1,,39,,rb
Adriana Chechik signed model B 8x10 Photo -PROOF- -CERTIFICATE- (A1089),AdrianaC108922022023rb,29.95,1,,39,,rb
Adriana Chechik signed model B 8x10 Photo -PROOF- -CERTIFICATE- (A1090),AdrianaC109022022023rb,29.95,1,,39,,rb
Adriana Chechik signed model B 8x10 Photo -PROOF- -CERTIFICATE- (A1091),AdrianaC109122022023rb,29.95,1,,39,,rb
Adriana Chechik signed model B 8x10 Photo -PROOF- -CERTIFICATE- (A1092),AdrianaC109222022023rb,29.95,1,,39,,rb
Adriana Chechik signed model B 8x10 Photo -PROOF- -CERTIFICATE- (A1093),AdrianaC109322022023rb,29.95,1,,39,,rb
Adriana Chechik signed model B 8x10 Photo -PROOF- -CERTIFICATE- (A1094),AdrianaC109422022023rb,29.95,1,,39,,rb
Adriana Chechik signed model B 8x10 Photo -PROOF- -CERTIFICATE- (A1095),AdrianaC109522022023rb,29.95,1,,39,,rb
Adriana Chechik signed model B 8x10 Photo -PROOF- -CERTIFICATE- (A1096),AdrianaC109622022023rb,29.95,1,,39,,rb
Adriana Chechik signed model B 8x10 Photo -PROOF- -CERTIFICATE- (A1097),AdrianaC109722022023rb,29.95,1,,39,,rb
Adriana Chechik signed model B 8x10 Photo -PROOF- -CERTIFICATE- (A1098),AdrianaC109822022023rb,29.95,1,,39,,rb
Adriana Chechik signed model B 8x10 Photo -PROOF- -CERTIFICATE- (A1102),AdrianaC110222022023rb,29.95,1,,39,,rb
Aften Opal signed model B 8x10 Photo -PROOF- -CERTIFICATE- (A1160),AftenO116022022023rb,29.95,1,,39,,rb
Aften Opal signed model B 8x10 Photo -PROOF- -CERTIFICATE- (A1162),AftenO116222022023rb,29.95,1,,39,,rb
Aften Opal signed model B 8x10 Photo -PROOF- -CERTIFICATE- (A1163),AftenO116322022023rb,29.95,1,,39,,rb
Aften Opal signed model B 8x10 Photo -PROOF- -CERTIFICATE- (A1164),AftenO116422022023rb,29.95,1,,39,,rb
Aften Opal signed model B 8x10 Photo -PROOF- -CERTIFICATE- (A1165),AftenO116522022023rb,29.95,1,,39,,rb
Aiden Ashley signed model B 8x10 Photo -PROOF- -CERTIFICATE- (A1171),AidenA117122022023rb,29.95,1,,39,,rb
Aiden Ashley signed model B 8x10 Photo -PROOF- -CERTIFICATE- (A1180),AidenA118022022023rb,29.95,1,,39,,rb
Aiden Ashley signed model B 8x10 Photo -PROOF- -CERTIFICATE- (A1183),AidenA118322022023rb,29.95,1,,39,,rb
Aiden Ashley signed model B 8x10 Photo -PROOF- -CERTIFICATE- (A1185),AidenA118522022023rb,29.95,1,,39,,rb
Aiden Ashley signed model B 8x10 Photo -PROOF- -CERTIFICATE- (A1194),AidenA119422022023rb,29.95,1,,39,,rb
Aiden Ashley signed model B 8x10 Photo -PROOF- -CERTIFICATE- (A1197),AidenA119722022023rb,29.95,1,,39,,rb
Aiden Ashley signed model B 8x10 Photo -PROOF- -CERTIFICATE- (A1198),AidenA119822022023rb,29.95,1,,39,,rb
Aiden Ashley signed model B 8x10 Photo -PROOF- -CERTIFICATE- (A1201),AidenA120122022023rb,29.95,1,,39,,rb
Aiden Ashley signed model B 8x10 Photo -PROOF- -CERTIFICATE- (A1205),AidenA120522022023rb,29.95,1,,39,,rb
Aiden Ashley signed model B 8x10 Photo -PROOF- -CERTIFICATE- (A1206),AidenA120622022023rb,29.95,1,,39,,rb
Aiden Ashley signed model B 8x10 Photo -PROOF- -CERTIFICATE- (A1209),AidenA120922022023rb,29.95,1,,39,,rb
Aiden Ashley signed model B 8x10 Photo -PROOF- -CERTIFICATE- (A1221),AidenA122122022023rb,29.95,1,,39,,rb
Aiden Ashley signed model B 8x10 Photo -PROOF- -CERTIFICATE- (A1226),AidenA122622022023rb,29.95,1,,39,,rb
Aidra Fox signed model B 8x10 Photo -PROOF- -CERTIFICATE- (A1248),AidraF124822022023rb,29.95,1,,39,,rb
Aidra Fox signed model B 8x10 Photo -PROOF- -CERTIFICATE- (A1250),AidraF125022022023rb,29.95,1,,39,,rb
Aidra Fox signed model B 8x10 Photo -PROOF- -CERTIFICATE- (A1252),AidraF125222022023rb,29.95,1,,39,,rb
Aidra Fox signed model B 8x10 Photo -PROOF- -CERTIFICATE- (A1258),AidraF125822022023rb,29.95,1,,39,,rb
Aidra Fox signed model B 8x10 Photo -PROOF- -CERTIFICATE- (A1259),AidraF125922022023rb,29.95,1,,39,,rb
Aidra Fox signed model B 8x10 Photo -PROOF- -CERTIFICATE- (A1260),AidraF126022022023rb,29.95,1,,39,,rb
Aidra Fox signed model B 8x10 Photo -PROOF- -CERTIFICATE- (A1263),AidraF126322022023rb,29.95,1,,39,,rb
Aidra Fox signed model B 8x10 Photo -PROOF- -CERTIFICATE- (A1268),AidraF126822022023rb,29.95,1,,39,,rb
Aidra Fox signed model B 8x10 Photo -PROOF- -CERTIFICATE- (A1286),AidraF128622022023rb,29.95,1,,39,,rb
Aidra Fox signed model B 8x10 Photo -PROOF- -CERTIFICATE- (A1296),AidraF129622022023rb,29.95,1,,39,,rb
Aidra Fox signed model B 8x10 Photo -PROOF- -CERTIFICATE- (A1297),AidraF129722022023rb,29.95,1,,39,,rb
Aidra Fox signed model B 8x10 Photo -PROOF- -CERTIFICATE- (A1298),AidraF129822022023rb,29.95,1,,39,,rb
Aidra Fox signed model B 8x10 Photo -PROOF- -CERTIFICATE- (A1305),AidraF130522022023rb,29.95,1,,39,,rb
Aidra Fox signed model B 8x10 Photo -PROOF- -CERTIFICATE- (A1306),AidraF130622022023rb,29.95,1,,39,,rb
Aidra Fox signed model B 8x10 Photo -PROOF- -CERTIFICATE- (A1307),AidraF130722022023rb,29.95,1,,39,,rb
Aidra Fox signed model B 8x10 Photo -PROOF- -CERTIFICATE- (A1314),AidraF131422022023rb,29.95,1,,39,,rb
Aidra Fox signed model B 8x10 Photo -PROOF- -CERTIFICATE- (A1316),AidraF131622022023rb,29.95,1,,39,,rb
Aidra Fox signed model B 8x10 Photo -PROOF- -CERTIFICATE- (A1323),AidraF132322022023rb,29.95,1,,39,,rb
Aidra Fox signed model B 8x10 Photo -PROOF- -CERTIFICATE- (A1324),AidraF132422022023rb,29.95,1,,39,,rb
Aidra Fox signed model B 8x10 Photo -PROOF- -CERTIFICATE- (A1325),AidraF132522022023rb,29.95,1,,39,,rb
Aidra Fox signed model B 8x10 Photo -PROOF- -CERTIFICATE- (A1326),AidraF132622022023rb,29.95,1,,39,,rb
Aidra Fox signed model B 8x10 Photo -PROOF- -CERTIFICATE- (A1328),AidraF132822022023rb,29.95,1,,39,,rb
Aidra Fox signed model B 8x10 Photo -PROOF- -CERTIFICATE- (A1329),AidraF132922022023rb,29.95,1,,39,,rb
Aidra Fox signed model B 8x10 Photo -PROOF- -CERTIFICATE- (A1337),AidraF133722022023rb,29.95,1,,39,,rb
Aidra Fox signed model B 8x10 Photo -PROOF- -CERTIFICATE- (A1343),AidraF134322022023rb,29.95,1,,39,,rb
Angel Dark signed model B 8x10 Photo -PROOF- -CERTIFICATE- (A1853),AngelD185322022023rb,29.95,1,,39,,rb
Angel Dark signed model B 8x10 Photo -PROOF- -CERTIFICATE- (A1854),AngelD185422022023rb,29.95,1,,39,,rb
Angel Dark signed model B 8x10 Photo -PROOF- -CERTIFICATE- (A1862),AngelD186222022023rb,29.95,1,,39,,rb
Angel Dark signed model B 8x10 Photo -PROOF- -CERTIFICATE- (A1863),AngelD186322022023rb,29.95,1,,39,,rb
Angel Dark signed model B 8x10 Photo -PROOF- -CERTIFICATE- (A1864),AngelD186422022023rb,29.95,1,,39,,rb
Angel Dark signed model B 8x10 Photo -PROOF- -CERTIFICATE- (A1865),AngelD186522022023rb,29.95,1,,39,,rb
Angel Dark signed model B 8x10 Photo -PROOF- -CERTIFICATE- (A1857),AngelD185722022023rb,29.95,1,,39,,rb
Angel Dark signed model B 8x10 Photo -PROOF- -CERTIFICATE- (A1867),AngelD186722022023rb,29.95,1,,39,,rb
Angel Dark signed model B 8x10 Photo -PROOF- -CERTIFICATE- (A1869),AngelD186922022023rb,29.95,1,,39,,rb
Angel Dark signed model B 8x10 Photo -PROOF- -CERTIFICATE- (A1873),AngelD187322022023rb,29.95,1,,39,,rb
Angel Dark signed model B 8x10 Photo -PROOF- -CERTIFICATE- (A1875),AngelD187522022023rb,29.95,1,,39,,rb
Angel Dark signed model B 8x10 Photo -PROOF- -CERTIFICATE- (A1876),AngelD187622022023rb,29.95,1,,39,,rb
Angel Dark signed model B 8x10 Photo -PROOF- -CERTIFICATE- (A1877),AngelD187722022023rb,29.95,1,,39,,rb
Angel Dark signed model B 8x10 Photo -PROOF- -CERTIFICATE- (A1881),AngelD188122022023rb,29.95,1,,39,,rb
Angel Dark signed model B 8x10 Photo -PROOF- -CERTIFICATE- (A1885),AngelD188522022023rb,29.95,1,,39,,rb
Angel Dark signed model B 8x10 Photo -PROOF- -CERTIFICATE- (A1886),AngelD188622022023rb,29.95,1,,39,,rb
Angel Dark signed model B 8x10 Photo -PROOF- -CERTIFICATE- (A1888),AngelD188822022023rb,29.95,1,,39,,rb
Angel Dark signed model B 8x10 Photo -PROOF- -CERTIFICATE- (A1889),AngelD188922022023rb,29.95,1,,39,,rb
Angel Dark signed model B 8x10 Photo -PROOF- -CERTIFICATE- (A1891),AngelD189122022023rb,29.95,1,,39,,rb
Angel Dark signed model B 8x10 Photo -PROOF- -CERTIFICATE- (A1894),AngelD189422022023rb,29.95,1,,39,,rb
Angel Dark signed model B 8x10 Photo -PROOF- -CERTIFICATE- (A1897),AngelD189722022023rb,29.95,1,,39,,rb
Angel Dark signed model B 8x10 Photo -PROOF- -CERTIFICATE- (A1898),AngelD189822022023rb,29.95,1,,39,,rb
Angel Dark signed model B 8x10 Photo -PROOF- -CERTIFICATE- (A1899),AngelD189922022023rb,29.95,1,,39,,rb
Angel Dark signed model B 8x10 Photo -PROOF- -CERTIFICATE- (A1901),AngelD190122022023rb,29.95,1,,39,,rb
Angel Dark signed model B 8x10 Photo -PROOF- -CERTIFICATE- (A1903),AngelD190322022023rb,29.95,1,,39,,rb
Angel Dark signed model B 8x10 Photo -PROOF- -CERTIFICATE- (A1904),AngelD190422022023rb,29.95,1,,39,,rb
Angel Dark signed model B 8x10 Photo -PROOF- -CERTIFICATE- (A1906),AngelD190622022023rb,29.95,1,,39,,rb
Angel Dark signed model B 8x10 Photo -PROOF- -CERTIFICATE- (A1913),AngelD191322022023rb,29.95,1,,39,,rb
Angel Dark signed model B 8x10 Photo -PROOF- -CERTIFICATE- (A1916),AngelD191622022023rb,29.95,1,,39,,rb
Angel Dark signed model B 8x10 Photo -PROOF- -CERTIFICATE- (A1917),AngelD191722022023rb,29.95,1,,39,,rb
Angel Youngs signed model B 8x10 Photo -PROOF- -CERTIFICATE- (A1943),AngelY194322022023rb,29.95,1,,39,,rb
Angel Youngs signed model B 8x10 Photo -PROOF- -CERTIFICATE- (A1946),AngelY194622022023rb,29.95,1,,39,,rb
Angel Youngs signed model B 8x10 Photo -PROOF- -CERTIFICATE- (A1949),AngelY194922022023rb,29.95,1,,39,,rb
Angel Youngs signed model B 8x10 Photo -PROOF- -CERTIFICATE- (A1950),AngelY195022022023rb,29.95,1,,39,,rb
Angel Youngs signed model B 8x10 Photo -PROOF- -CERTIFICATE- (A1951),AngelY195122022023rb,29.95,1,,39,,rb
Angel Youngs signed model B 8x10 Photo -PROOF- -CERTIFICATE- (A1961),AngelY196122022023rb,29.95,1,,39,,rb
Angel Youngs signed model B 8x10 Photo -PROOF- -CERTIFICATE- (A1967),AngelY196722022023rb,29.95,1,,39,,rb
Angel Youngs signed model B 8x10 Photo -PROOF- -CERTIFICATE- (A1968),AngelY196822022023rb,29.95,1,,39,,rb
Annabel Redd signed model B 8x10 Photo -PROOF- -CERTIFICATE- (A2182),AnnabelR218222022023rb,29.95,1,,39,,rb
Annabel Redd signed model B 8x10 Photo -PROOF- -CERTIFICATE- (A2189),AnnabelR218922022023rb,29.95,1,,39,,rb
Annabel Redd signed model B 8x10 Photo -PROOF- -CERTIFICATE- (A2192),AnnabelR219222022023rb,29.95,1,,39,,rb
Annabel Redd signed model B 8x10 Photo -PROOF- -CERTIFICATE- (A2205),AnnabelR220522022023rb,29.95,1,,39,,rb
Annabel Redd signed model B 8x10 Photo -PROOF- -CERTIFICATE- (A2211),AnnabelR221122022023rb,29.95,1,,39,,rb
Annabel Redd signed model B 8x10 Photo -PROOF- -CERTIFICATE- (A2219),AnnabelR221922022023rb,29.95,1,,39,,rb
Aria Khaide signed model B 8x10 Photo -PROOF- -CERTIFICATE- (A2236),AriaK223622022023rb,29.95,1,,39,,rb
Aria Khaide signed model B 8x10 Photo -PROOF- -CERTIFICATE- (A2238),AriaK223822022023rb,29.95,1,,39,,rb
Aria Khaide signed model B 8x10 Photo -PROOF- -CERTIFICATE- (A2243),AriaK224322022023rb,29.95,1,,39,,rb
Aria Khaide signed model B 8x10 Photo -PROOF- -CERTIFICATE- (A2244),AriaK224422022023rb,29.95,1,,39,,rb
Aria Khaide signed model B 8x10 Photo -PROOF- -CERTIFICATE- (A2245),AriaK224522022023rb,29.95,1,,39,,rb
Aria Khaide signed model B 8x10 Photo -PROOF- -CERTIFICATE- (A2246),AriaK224622022023rb,29.95,1,,39,,rb
Asa Akira signed model B 8x10 Photo -PROOF- -CERTIFICATE- (A2273),AsaA227322022023rb,29.95,1,,39,,rb
Asa Akira signed model B 8x10 Photo -PROOF- -CERTIFICATE- (A2303),AsaA230322022023rb,29.95,1,,39,,rb
Asa Akira signed model B 8x10 Photo -PROOF- -CERTIFICATE- (A2351),AsaA235122022023rb,29.95,1,,39,,rb
Asa Akira signed model B 8x10 Photo -PROOF- -CERTIFICATE- (A2361),AsaA236122022023rb,29.95,1,,39,,rb
Asa Akira signed model B 8x10 Photo -PROOF- -CERTIFICATE- (A2380),AsaA238022022023rb,29.95,1,,39,,rb
Asa Akira signed model B 8x10 Photo -PROOF- -CERTIFICATE- (A2381),AsaA238122022023rb,29.95,1,,39,,rb
Asa Akira signed model B 8x10 Photo -PROOF- -CERTIFICATE- (A2382),AsaA238222022023rb,29.95,1,,39,,rb
Asa Akira signed model B 8x10 Photo -PROOF- -CERTIFICATE- (A2383),AsaA238322022023rb,29.95,1,,39,,rb
Asa Akira signed model B 8x10 Photo -PROOF- -CERTIFICATE- (A2384),AsaA238422022023rb,29.95,1,,39,,rb
Asa Akira signed model B 8x10 Photo -PROOF- -CERTIFICATE- (A2385),AsaA238522022023rb,29.95,1,,39,,rb
Asa Akira signed model B 8x10 Photo -PROOF- -CERTIFICATE- (A2386),AsaA238622022023rb,29.95,1,,39,,rb
Asa Akira signed model B 8x10 Photo -PROOF- -CERTIFICATE- (A2387),AsaA238722022023rb,29.95,1,,39,,rb
Asa Akira signed model B 8x10 Photo -PROOF- -CERTIFICATE- (A2388),AsaA238822022023rb,29.95,1,,39,,rb
Asa Akira signed model B 8x10 Photo -PROOF- -CERTIFICATE- (A2389),AsaA238922022023rb,29.95,1,,39,,rb
Asa Akira signed model B 8x10 Photo -PROOF- -CERTIFICATE- (A2391),AsaA239122022023rb,29.95,1,,39,,rb
Asa Akira signed model B 8x10 Photo -PROOF- -CERTIFICATE- (A2392),AsaA239222022023rb,29.95,1,,39,,rb
Asa Akira signed model B 8x10 Photo -PROOF- -CERTIFICATE- (A2393),AsaA239322022023rb,29.95,1,,39,,rb
Asa Akira signed model B 8x10 Photo -PROOF- -CERTIFICATE- (A2394),AsaA239422022023rb,29.95,1,,39,,rb
Asa Akira signed model B 8x10 Photo -PROOF- -CERTIFICATE- (A2395),AsaA239522022023rb,29.95,1,,39,,rb
Asa Akira signed model B 8x10 Photo -PROOF- -CERTIFICATE- (A2396),AsaA239622022023rb,29.95,1,,39,,rb
Asa Akira signed model B 8x10 Photo -PROOF- -CERTIFICATE- (A2397),AsaA239722022023rb,29.95,1,,39,,rb
Asa Akira signed model B 8x10 Photo -PROOF- -CERTIFICATE- (A2398),AsaA239822022023rb,29.95,1,,39,,rb
Asa Akira signed model B 8x10 Photo -PROOF- -CERTIFICATE- (A2399),AsaA239922022023rb,29.95,1,,39,,rb
Asa Akira signed model B 8x10 Photo -PROOF- -CERTIFICATE- (A2400),AsaA240022022023rb,29.95,1,,39,,rb
Asa Akira signed model B 8x10 Photo -PROOF- -CERTIFICATE- (A2401),AsaA240122022023rb,29.95,1,,39,,rb
Asa Akira signed model B 8x10 Photo -PROOF- -CERTIFICATE- (A2402),AsaA240222022023rb,29.95,1,,39,,rb
Asa Akira signed model B 8x10 Photo -PROOF- -CERTIFICATE- (A2403),AsaA240322022023rb,29.95,1,,39,,rb
Asa Akira signed model B 8x10 Photo -PROOF- -CERTIFICATE- (A2404),AsaA240422022023rb,29.95,1,,39,,rb
Asa Akira signed model B 8x10 Photo -PROOF- -CERTIFICATE- (A2405),AsaA240522022023rb,29.95,1,,39,,rb
Asa Akira signed model B 8x10 Photo -PROOF- -CERTIFICATE- (A2406),AsaA240622022023rb,29.95,1,,39,,rb
Asa Akira signed model B 8x10 Photo -PROOF- -CERTIFICATE- (A2407),AsaA240722022023rb,29.95,1,,39,,rb
Asa Akira signed model B 8x10 Photo -PROOF- -CERTIFICATE- (A2408),AsaA240822022023rb,29.95,1,,39,,rb
Asa Akira signed model B 8x10 Photo -PROOF- -CERTIFICATE- (A2409),AsaA240922022023rb,29.95,1,,39,,rb
Asa Akira signed model B 8x10 Photo -PROOF- -CERTIFICATE- (A2410),AsaA241022022023rb,29.95,1,,39,,rb
Asa Akira signed model B 8x10 Photo -PROOF- -CERTIFICATE- (A2411),AsaA241122022023rb,29.95,1,,39,,rb
Asa Akira signed model B 8x10 Photo -PROOF- -CERTIFICATE- (A2412),AsaA241222022023rb,29.95,1,,39,,rb
Asa Akira signed model B 8x10 Photo -PROOF- -CERTIFICATE- (A2414),AsaA241422022023rb,29.95,1,,39,,rb
Asa Akira signed model B 8x10 Photo -PROOF- -CERTIFICATE- (A2415),AsaA241522022023rb,29.95,1,,39,,rb
Asa Akira signed model B 8x10 Photo -PROOF- -CERTIFICATE- (A2416),AsaA241622022023rb,29.95,1,,39,,rb
Asa Akira signed model B 8x10 Photo -PROOF- -CERTIFICATE- (A2417),AsaA241722022023rb,29.95,1,,39,,rb
Asa Akira signed model B 8x10 Photo -PROOF- -CERTIFICATE- (A2418),AsaA241822022023rb,29.95,1,,39,,rb
Asa Akira signed model B 8x10 Photo -PROOF- -CERTIFICATE- (A2419),AsaA241922022023rb,29.95,1,,39,,rb
Asa Akira signed model B 8x10 Photo -PROOF- -CERTIFICATE- (A2420),AsaA242022022023rb,29.95,1,,39,,rb
Asa Akira signed model B 8x10 Photo -PROOF- -CERTIFICATE- (A2421),AsaA242122022023rb,29.95,1,,39,,rb
Asa Akira signed model B 8x10 Photo -PROOF- -CERTIFICATE- (A2422),AsaA242222022023rb,29.95,1,,39,,rb
Asa Akira signed model B 8x10 Photo -PROOF- -CERTIFICATE- (A2424),AsaA242422022023rb,29.95,1,,39,,rb
Asa Akira signed model B 8x10 Photo -PROOF- -CERTIFICATE- (A2446),AsaA244622022023rb,29.95,1,,39,,rb
Asa Akira signed model B 8x10 Photo -PROOF- -CERTIFICATE- (A2480),AsaA248022022023rb,29.95,1,,39,,rb
Ashlynn Taylor signed model B 8x10 Photo -PROOF- -CERTIFICATE- (A2598),AshlynnT259822022023rb,29.95,1,,39,,rb
Ashlynn Taylor signed model B 8x10 Photo -PROOF- -CERTIFICATE- (A2602),AshlynnT260222022023rb,29.95,1,,39,,rb
Brooke Haven signed model B 8x10 Photo -PROOF- -CERTIFICATE- (A2623),BrookeH262322022023rb,29.95,1,,39,,rb
Brooke Haven signed model B 8x10 Photo -PROOF- -CERTIFICATE- (A2633),BrookeH263322022023rb,29.95,1,,39,,rb
Brooke Haven signed model B 8x10 Photo -PROOF- -CERTIFICATE- (A2634),BrookeH263422022023rb,29.95,1,,39,,rb
Brooke Haven signed model B 8x10 Photo -PROOF- -CERTIFICATE- (A2635),BrookeH263522022023rb,29.95,1,,39,,rb
Brooke Haven signed model B 8x10 Photo -PROOF- -CERTIFICATE- (A2636),BrookeH263622022023rb,29.95,1,,39,,rb
Brooke Haven signed model B 8x10 Photo -PROOF- -CERTIFICATE- (A2637),BrookeH263722022023rb,29.95,1,,39,,rb
Brooke Haven signed model B 8x10 Photo -PROOF- -CERTIFICATE- (A2638),BrookeH263822022023rb,29.95,1,,39,,rb
Brooke Haven signed model B 8x10 Photo -PROOF- -CERTIFICATE- (A2639),BrookeH263922022023rb,29.95,1,,39,,rb
Brooke Haven signed model B 8x10 Photo -PROOF- -CERTIFICATE- (A2640),BrookeH264022022023rb,29.95,1,,39,,rb
Brooke Haven signed model B 8x10 Photo -PROOF- -CERTIFICATE- (A2641),BrookeH264122022023rb,29.95,1,,39,,rb
Brooke Haven signed model B 8x10 Photo -PROOF- -CERTIFICATE- (A2642),BrookeH264222022023rb,29.95,1,,39,,rb
Cade Maddox signed model B 8x10 Photo -PROOF- -CERTIFICATE- (A2673),CadeM267322022023rb,29.95,1,,39,,rb
Cade Maddox signed model B 8x10 Photo -PROOF- -CERTIFICATE- (A2675),CadeM267522022023rb,29.95,1,,39,,rb
Cade Maddox signed model B 8x10 Photo -PROOF- -CERTIFICATE- (A2677),CadeM267722022023rb,29.95,1,,39,,rb
Cade Maddox signed model B 8x10 Photo -PROOF- -CERTIFICATE- (A2678),CadeM267822022023rb,29.95,1,,39,,rb
Caitlin Belle signed model B 8x10 Photo -PROOF- -CERTIFICATE- (A2684),CaitlinB268422022023rb,29.95,1,,39,,rb
Caitlin Belle signed model B 8x10 Photo -PROOF- -CERTIFICATE- (A2696),CaitlinB269622022023rb,29.95,1,,39,,rb
Caitlin Belle signed model B 8x10 Photo -PROOF- -CERTIFICATE- (A2697),CaitlinB269722022023rb,29.95,1,,39,,rb
Caitlin Belle signed model B 8x10 Photo -PROOF- -CERTIFICATE- (A2699),CaitlinB269922022023rb,29.95,1,,39,,rb
Caitlin Belle signed model B 8x10 Photo -PROOF- -CERTIFICATE- (A2701),CaitlinB270122022023rb,29.95,1,,39,,rb
Caitlin Belle signed model B 8x10 Photo -PROOF- -CERTIFICATE- (A2702),CaitlinB270222022023rb,29.95,1,,39,,rb
Caitlin Belle signed model B 8x10 Photo -PROOF- -CERTIFICATE- (A2703),CaitlinB270322022023rb,29.95,1,,39,,rb
Caitlin Belle signed model B 8x10 Photo -PROOF- -CERTIFICATE- (A2704),CaitlinB270422022023rb,29.95,1,,39,,rb
Caitlin Belle signed model B 8x10 Photo -PROOF- -CERTIFICATE- (A2705),CaitlinB270522022023rb,29.95,1,,39,,rb
Caitlin Belle signed model B 8x10 Photo -PROOF- -CERTIFICATE- (A2718),CaitlinB271822022023rb,29.95,1,,39,,rb
Cali Caliente signed model B 8x10 Photo -PROOF- -CERTIFICATE- (A2768),CaliC276822022023rb,29.95,1,,39,,rb
Cali Caliente signed model B 8x10 Photo -PROOF- -CERTIFICATE- (A2769),CaliC276922022023rb,29.95,1,,39,,rb
Carolina Cortez signed model B 8x10 Photo -PROOF- -CERTIFICATE- (A2801),CarolinaC280122022023rb,29.95,1,,39,,rb
Carolina Cortez signed model B 8x10 Photo -PROOF- -CERTIFICATE- (A2804),CarolinaC280422022023rb,29.95,1,,39,,rb
Carolina Cortez signed model B 8x10 Photo -PROOF- -CERTIFICATE- (A2805),CarolinaC280522022023rb,29.95,1,,39,,rb
Carolina Cortez signed model B 8x10 Photo -PROOF- -CERTIFICATE- (A2810),CarolinaC281022022023rb,29.95,1,,39,,rb
Carolina Cortez signed model B 8x10 Photo -PROOF- -CERTIFICATE- (A2811),CarolinaC281122022023rb,29.95,1,,39,,rb
Carolina Cortez signed model B 8x10 Photo -PROOF- -CERTIFICATE- (A2815),CarolinaC281522022023rb,29.95,1,,39,,rb
Carolina Cortez signed model B 8x10 Photo -PROOF- -CERTIFICATE- (A2817),CarolinaC281722022023rb,29.95,1,,39,,rb
Carolina Cortez signed model B 8x10 Photo -PROOF- -CERTIFICATE- (A2820),CarolinaC282022022023rb,29.95,1,,39,,rb
Carolina Cortez signed model B 8x10 Photo -PROOF- -CERTIFICATE- (A2828),CarolinaC282822022023rb,29.95,1,,39,,rb
Carolina Cortez signed model B 8x10 Photo -PROOF- -CERTIFICATE- (A2830),CarolinaC283022022023rb,29.95,1,,39,,rb
Carolina Cortez signed model B 8x10 Photo -PROOF- -CERTIFICATE- (A2840),CarolinaC284022022023rb,29.95,1,,39,,rb
Casca Akashova signed model B 8x10 Photo -PROOF- -CERTIFICATE- (A2875),CascaA287522022023rb,29.95,1,,39,,rb
Casca Akashova signed model B 8x10 Photo -PROOF- -CERTIFICATE- (A2876),CascaA287622022023rb,29.95,1,,39,,rb
Casca Akashova signed model B 8x10 Photo -PROOF- -CERTIFICATE- (A2878),CascaA287822022023rb,29.95,1,,39,,rb
Casca Akashova signed model B 8x10 Photo -PROOF- -CERTIFICATE- (A2887),CascaA288722022023rb,29.95,1,,39,,rb
Casca Akashova signed model B 8x10 Photo -PROOF- -CERTIFICATE- (A2888),CascaA288822022023rb,29.95,1,,39,,rb
Casca Akashova signed model B 8x10 Photo -PROOF- -CERTIFICATE- (A2890),CascaA289022022023rb,29.95,1,,39,,rb
Casca Akashova signed model B 8x10 Photo -PROOF- -CERTIFICATE- (A2894),CascaA289422022023rb,29.95,1,,39,,rb
Casca Akashova signed model B 8x10 Photo -PROOF- -CERTIFICATE- (A2896),CascaA289622022023rb,29.95,1,,39,,rb
Casca Akashova signed model B 8x10 Photo -PROOF- -CERTIFICATE- (A2897),CascaA289722022023rb,29.95,1,,39,,rb
Casca Akashova signed model B 8x10 Photo -PROOF- -CERTIFICATE- (A2898),CascaA289822022023rb,29.95,1,,39,,rb
Casca Akashova signed model B 8x10 Photo -PROOF- -CERTIFICATE- (A2904),CascaA290422022023rb,29.95,1,,39,,rb
Casca Akashova signed model B 8x10 Photo -PROOF- -CERTIFICATE- (A2906),CascaA290622022023rb,29.95,1,,39,,rb
Casca Akashova signed model B 8x10 Photo -PROOF- -CERTIFICATE- (A2908),CascaA290822022023rb,29.95,1,,39,,rb
Casca Akashova signed model B 8x10 Photo -PROOF- -CERTIFICATE- (A2909),CascaA290922022023rb,29.95,1,,39,,rb
Casca Akashova signed model B 8x10 Photo -PROOF- -CERTIFICATE- (A2910),CascaA291022022023rb,29.95,1,,39,,rb
Casca Akashova signed model B 8x10 Photo -PROOF- -CERTIFICATE- (A2912),CascaA291222022023rb,29.95,1,,39,,rb
Casca Akashova signed model B 8x10 Photo -PROOF- -CERTIFICATE- (A2916),CascaA291622022023rb,29.95,1,,39,,rb
Casca Akashova signed model B 8x10 Photo -PROOF- -CERTIFICATE- (A2918),CascaA291822022023rb,29.95,1,,39,,rb
Casey Calvert signed model B 8x10 Photo -PROOF- -CERTIFICATE- (A2926),CaseyC292622022023rb,29.95,1,,39,,rb
Casey Calvert signed model B 8x10 Photo -PROOF- -CERTIFICATE- (A2927),CaseyC292722022023rb,29.95,1,,39,,rb
Casey Calvert signed model B 8x10 Photo -PROOF- -CERTIFICATE- (A2928),CaseyC292822022023rb,29.95,1,,39,,rb
Casey Calvert signed model B 8x10 Photo -PROOF- -CERTIFICATE- (A2929),CaseyC292922022023rb,29.95,1,,39,,rb
Casey Calvert signed model B 8x10 Photo -PROOF- -CERTIFICATE- (A2930),CaseyC293022022023rb,29.95,1,,39,,rb
Casey Calvert signed model B 8x10 Photo -PROOF- -CERTIFICATE- (A2932),CaseyC293222022023rb,29.95,1,,39,,rb
Casey Calvert signed model B 8x10 Photo -PROOF- -CERTIFICATE- (A2934),CaseyC293422022023rb,29.95,1,,39,,rb
Casey Calvert signed model B 8x10 Photo -PROOF- -CERTIFICATE- (A2935),CaseyC293522022023rb,29.95,1,,39,,rb
Casey Calvert signed model B 8x10 Photo -PROOF- -CERTIFICATE- (A2936),CaseyC293622022023rb,29.95,1,,39,,rb
Casey Calvert signed model B 8x10 Photo -PROOF- -CERTIFICATE- (A2937),CaseyC293722022023rb,29.95,1,,39,,rb
Casey Calvert signed model B 8x10 Photo -PROOF- -CERTIFICATE- (A2938),CaseyC293822022023rb,29.95,1,,39,,rb
Casey Calvert signed model B 8x10 Photo -PROOF- -CERTIFICATE- (A2939),CaseyC293922022023rb,29.95,1,,39,,rb
Casey Calvert signed model B 8x10 Photo -PROOF- -CERTIFICATE- (A2940),CaseyC294022022023rb,29.95,1,,39,,rb
Casey Calvert signed model B 8x10 Photo -PROOF- -CERTIFICATE- (A2958),CaseyC295822022023rb,29.95,1,,39,,rb
Casey Calvert signed model B 8x10 Photo -PROOF- -CERTIFICATE- (A2959),CaseyC295922022023rb,29.95,1,,39,,rb
Casey Calvert signed model B 8x10 Photo -PROOF- -CERTIFICATE- (A2960),CaseyC296022022023rb,29.95,1,,39,,rb
Casey Calvert signed model B 8x10 Photo -PROOF- -CERTIFICATE- (A2977),CaseyC297722022023rb,29.95,1,,39,,rb
Casey Calvert signed model B 8x10 Photo -PROOF- -CERTIFICATE- (A2981),CaseyC298122022023rb,29.95,1,,39,,rb
Casey Calvert signed model B 8x10 Photo -PROOF- -CERTIFICATE- (A2988),CaseyC298822022023rb,29.95,1,,39,,rb
Casey Calvert signed model B 8x10 Photo -PROOF- -CERTIFICATE- (A3006),CaseyC300622022023rb,29.95,1,,39,,rb
Casey Kisses signed model B 8x10 Photo -PROOF- -CERTIFICATE- (A3013),CaseyK301322022023rb,29.95,1,,39,,rb
Casey Kisses signed model B 8x10 Photo -PROOF- -CERTIFICATE- (A3015),CaseyK301522022023rb,29.95,1,,39,,rb
Channy Crossfire signed model B 8x10 Photo -PROOF- -CERTIFICATE- (A3039),ChannyC303922022023rb,29.95,1,,39,,rb
Channy Crossfire signed model B 8x10 Photo -PROOF- -CERTIFICATE- (A3042),ChannyC304222022023rb,29.95,1,,39,,rb
Channy Crossfire signed model B 8x10 Photo -PROOF- -CERTIFICATE- (A3045),ChannyC304522022023rb,29.95,1,,39,,rb
Channy Crossfire signed model B 8x10 Photo -PROOF- -CERTIFICATE- (A3049),ChannyC304922022023rb,29.95,1,,39,,rb
Chantal Danielle signed model B 8x10 Photo -PROOF- -CERTIFICATE- (A3050),ChantalD305022022023rb,29.95,1,,39,,rb
Chantal Danielle signed model B 8x10 Photo -PROOF- -CERTIFICATE- (A3051),ChantalD305122022023rb,29.95,1,,39,,rb
Chantal Danielle signed model B 8x10 Photo -PROOF- -CERTIFICATE- (A3052),ChantalD305222022023rb,29.95,1,,39,,rb
Chantal Danielle signed model B 8x10 Photo -PROOF- -CERTIFICATE- (A3058),ChantalD305822022023rb,29.95,1,,39,,rb
Cherie Deville signed model B 8x10 Photo -PROOF- -CERTIFICATE- (A3083),CherieD308322022023rb,29.95,1,,39,,rb
Cherie Deville signed model B 8x10 Photo -PROOF- -CERTIFICATE- (A3084),CherieD308422022023rb,29.95,1,,39,,rb
Cherie Deville signed model B 8x10 Photo -PROOF- -CERTIFICATE- (A3085),CherieD308522022023rb,29.95,1,,39,,rb
Cherie Deville signed model B 8x10 Photo -PROOF- -CERTIFICATE- (A3086),CherieD308622022023rb,29.95,1,,39,,rb
Cherie Deville signed model B 8x10 Photo -PROOF- -CERTIFICATE- (A3087),CherieD308722022023rb,29.95,1,,39,,rb
Cherie Deville signed model B 8x10 Photo -PROOF- -CERTIFICATE- (A3088),CherieD308822022023rb,29.95,1,,39,,rb
Cherie Deville signed model B 8x10 Photo -PROOF- -CERTIFICATE- (A3093),CherieD309322022023rb,29.95,1,,39,,rb
Cherie Deville signed model B 8x10 Photo -PROOF- -CERTIFICATE- (A3114),CherieD311422022023rb,29.95,1,,39,,rb
Cherie Deville signed model B 8x10 Photo -PROOF- -CERTIFICATE- (A3115),CherieD311522022023rb,29.95,1,,39,,rb
Dante Colle signed model B 8x10 Photo -PROOF- -CERTIFICATE- (A3117),DanteC311722022023rb,29.95,1,,39,,rb
Dante Colle signed model B 8x10 Photo -PROOF- -CERTIFICATE- (A3140),DanteC314022022023rb,29.95,1,,39,,rb
Dante Colle signed model B 8x10 Photo -PROOF- -CERTIFICATE- (A3141),DanteC314122022023rb,29.95,1,,39,,rb
Dante Colle signed model B 8x10 Photo -PROOF- -CERTIFICATE- (A3143),DanteC314322022023rb,29.95,1,,39,,rb
Destiny Cruz signed model B 8x10 Photo -PROOF- -CERTIFICATE- (A3159),DestinyC315922022023rb,29.95,1,,39,,rb
Destiny Cruz signed model B 8x10 Photo -PROOF- -CERTIFICATE- (A3164),DestinyC316422022023rb,29.95,1,,39,,rb
Destiny Cruz signed model B 8x10 Photo -PROOF- -CERTIFICATE- (A3165),DestinyC316522022023rb,29.95,1,,39,,rb
Destiny Cruz signed model B 8x10 Photo -PROOF- -CERTIFICATE- (A3167),DestinyC316722022023rb,29.95,1,,39,,rb
Destiny Cruz signed model B 8x10 Photo -PROOF- -CERTIFICATE- (A3184),DestinyC318422022023rb,29.95,1,,39,,rb
Destiny Cruz signed model B 8x10 Photo -PROOF- -CERTIFICATE- (A3192),DestinyC319222022023rb,29.95,1,,39,,rb
Destiny Cruz signed model B 8x10 Photo -PROOF- -CERTIFICATE- (A3196),DestinyC319622022023rb,29.95,1,,39,,rb
Destiny Cruz signed model B 8x10 Photo -PROOF- -CERTIFICATE- (A3214),DestinyC321422022023rb,29.95,1,,39,,rb
Destiny Cruz signed model B 8x10 Photo -PROOF- -CERTIFICATE- (A3217),DestinyC321722022023rb,29.95,1,,39,,rb
Destiny Cruz signed model B 8x10 Photo -PROOF- -CERTIFICATE- (A3218),DestinyC321822022023rb,29.95,1,,39,,rb
Destiny Cruz signed model B 8x10 Photo -PROOF- -CERTIFICATE- (A3222),DestinyC322222022023rb,29.95,1,,39,,rb
Destiny Cruz signed model B 8x10 Photo -PROOF- -CERTIFICATE- (A3230),DestinyC323022022023rb,29.95,1,,39,,rb
Destiny Cruz signed model B 8x10 Photo -PROOF- -CERTIFICATE- (A3231),DestinyC323122022023rb,29.95,1,,39,,rb
Destiny Cruz signed model B 8x10 Photo -PROOF- -CERTIFICATE- (A3235),DestinyC323522022023rb,29.95,1,,39,,rb
Ebony Mystique signed model B 8x10 Photo -PROOF- -CERTIFICATE- (A3241),EbonyM324122022023rb,29.95,1,,39,,rb
Ebony Mystique signed model B 8x10 Photo -PROOF- -CERTIFICATE- (A3246),EbonyM324622022023rb,29.95,1,,39,,rb
Ebony Mystique signed model B 8x10 Photo -PROOF- -CERTIFICATE- (A3248),EbonyM324822022023rb,29.95,1,,39,,rb
Ebony Mystique signed model B 8x10 Photo -PROOF- -CERTIFICATE- (A3251),EbonyM325122022023rb,29.95,1,,39,,rb
Ebony Mystique signed model B 8x10 Photo -PROOF- -CERTIFICATE- (A3252),EbonyM325222022023rb,29.95,1,,39,,rb
Ebony Mystique signed model B 8x10 Photo -PROOF- -CERTIFICATE- (A3254),EbonyM325422022023rb,29.95,1,,39,,rb
Ebony Mystique signed model B 8x10 Photo -PROOF- -CERTIFICATE- (A3256),EbonyM325622022023rb,29.95,1,,39,,rb
Ebony Mystique signed model B 8x10 Photo -PROOF- -CERTIFICATE- (A3257),EbonyM325722022023rb,29.95,1,,39,,rb
Ebony Mystique signed model B 8x10 Photo -PROOF- -CERTIFICATE- (A3258),EbonyM325822022023rb,29.95,1,,39,,rb
Ebony Mystique signed model B 8x10 Photo -PROOF- -CERTIFICATE- (A3261),EbonyM326122022023rb,29.95,1,,39,,rb
Ebony Mystique signed model B 8x10 Photo -PROOF- -CERTIFICATE- (A3262),EbonyM326222022023rb,29.95,1,,39,,rb
Electra Rayne signed model B 8x10 Photo -PROOF- -CERTIFICATE- (A3297),ElectraR329722022023rb,29.95,1,,39,,rb
Emily Willis signed model B 8x10 Photo -PROOF- -CERTIFICATE- (A3318),EmilyW331822022023rb,29.95,1,,39,,rb
Emily Willis signed model B 8x10 Photo -PROOF- -CERTIFICATE- (A3319),EmilyW331922022023rb,29.95,1,,39,,rb
Emily Willis signed model B 8x10 Photo -PROOF- -CERTIFICATE- (A3320),EmilyW332022022023rb,29.95,1,,39,,rb
Emily Willis signed model B 8x10 Photo -PROOF- -CERTIFICATE- (A3321),EmilyW332122022023rb,29.95,1,,39,,rb
Emily Willis signed model B 8x10 Photo -PROOF- -CERTIFICATE- (A3322),EmilyW332222022023rb,29.95,1,,39,,rb
Emily Willis signed model B 8x10 Photo -PROOF- -CERTIFICATE- (A3324),EmilyW332422022023rb,29.95,1,,39,,rb
Emily Willis signed model B 8x10 Photo -PROOF- -CERTIFICATE- (A3327),EmilyW332722022023rb,29.95,1,,39,,rb
Emily Willis signed model B 8x10 Photo -PROOF- -CERTIFICATE- (A3347),EmilyW334722022023rb,29.95,1,,39,,rb
Emily Willis signed model B 8x10 Photo -PROOF- -CERTIFICATE- (A3358),EmilyW335822022023rb,29.95,1,,39,,rb
Emily Willis signed model B 8x10 Photo -PROOF- -CERTIFICATE- (A3374),EmilyW337422022023rb,29.95,1,,39,,rb
Emily Willis signed model B 8x10 Photo -PROOF- -CERTIFICATE- (A3375),EmilyW337522022023rb,29.95,1,,39,,rb
Emily Willis signed model B 8x10 Photo -PROOF- -CERTIFICATE- (A3376),EmilyW337622022023rb,29.95,1,,39,,rb
Gianna Dior signed model B 8x10 Photo -PROOF- -CERTIFICATE- (A3869),GiannaD386922022023rb,29.95,1,,39,,rb
Gianna Dior signed model B 8x10 Photo -PROOF- -CERTIFICATE- (A3872),GiannaD387222022023rb,29.95,1,,39,,rb
Gianna Dior signed model B 8x10 Photo -PROOF- -CERTIFICATE- (A3877),GiannaD387722022023rb,29.95,1,,39,,rb
Gianna Dior signed model B 8x10 Photo -PROOF- -CERTIFICATE- (A3882),GiannaD388222022023rb,29.95,1,,39,,rb
Gianna Dior signed model B 8x10 Photo -PROOF- -CERTIFICATE- (A3883),GiannaD388322022023rb,29.95,1,,39,,rb
Gianna Dior signed model B 8x10 Photo -PROOF- -CERTIFICATE- (A3884),GiannaD388422022023rb,29.95,1,,39,,rb
Gianna Dior signed model B 8x10 Photo -PROOF- -CERTIFICATE- (A3886),GiannaD388622022023rb,29.95,1,,39,,rb
Gianna Dior signed model B 8x10 Photo -PROOF- -CERTIFICATE- (A3891),GiannaD389122022023rb,29.95,1,,39,,rb
Gianna Dior signed model B 8x10 Photo -PROOF- -CERTIFICATE- (A3903),GiannaD390322022023rb,29.95,1,,39,,rb
Gianna Dior signed model B 8x10 Photo -PROOF- -CERTIFICATE- (A3904),GiannaD390422022023rb,29.95,1,,39,,rb
Gianna Dior signed model B 8x10 Photo -PROOF- -CERTIFICATE- (A3905),GiannaD390522022023rb,29.95,1,,39,,rb
Gianna Dior signed model B 8x10 Photo -PROOF- -CERTIFICATE- (A3906),GiannaD390622022023rb,29.95,1,,39,,rb
Gianna Dior signed model B 8x10 Photo -PROOF- -CERTIFICATE- (A3907),GiannaD390722022023rb,29.95,1,,39,,rb
Gianna Dior signed model B 8x10 Photo -PROOF- -CERTIFICATE- (A3908),GiannaD390822022023rb,29.95,1,,39,,rb
Gianna Dior signed model B 8x10 Photo -PROOF- -CERTIFICATE- (A3909),GiannaD390922022023rb,29.95,1,,39,,rb
Gianna Dior signed model B 8x10 Photo -PROOF- -CERTIFICATE- (A3910),GiannaD391022022023rb,29.95,1,,39,,rb
Gianna Dior signed model B 8x10 Photo -PROOF- -CERTIFICATE- (A3911),GiannaD391122022023rb,29.95,1,,39,,rb
Gianna Dior signed model B 8x10 Photo -PROOF- -CERTIFICATE- (A3912),GiannaD391222022023rb,29.95,1,,39,,rb
Gianna Dior signed model B 8x10 Photo -PROOF- -CERTIFICATE- (A3913),GiannaD391322022023rb,29.95,1,,39,,rb
Gianna Dior signed model B 8x10 Photo -PROOF- -CERTIFICATE- (A3914),GiannaD391422022023rb,29.95,1,,39,,rb
Gianna Dior signed model B 8x10 Photo -PROOF- -CERTIFICATE- (A3916),GiannaD391622022023rb,29.95,1,,39,,rb
Gianna Dior signed model B 8x10 Photo -PROOF- -CERTIFICATE- (A3922),GiannaD392222022023rb,29.95,1,,39,,rb
Gianna Dior signed model B 8x10 Photo -PROOF- -CERTIFICATE- (A3923),GiannaD392322022023rb,29.95,1,,39,,rb
Gianna Dior signed model B 8x10 Photo -PROOF- -CERTIFICATE- (A3925),GiannaD392522022023rb,29.95,1,,39,,rb
Jade Kush signed model B 8x10 Photo -PROOF- -CERTIFICATE- (A0999),JadeK099922022023rb,29.95,1,,39,,rb
Jade Kush signed model B 8x10 Photo -PROOF- -CERTIFICATE- (A1000),JadeK100022022023rb,29.95,1,,39,,rb
Jade Kush signed model B 8x10 Photo -PROOF- -CERTIFICATE- (A1003),JadeK100322022023rb,29.95,1,,39,,rb
Jade Kush signed model B 8x10 Photo -PROOF- -CERTIFICATE- (A1004),JadeK100422022023rb,29.95,1,,39,,rb
Jade Kush signed model B 8x10 Photo -PROOF- -CERTIFICATE- (A3929),JadeK392922022023rb,29.95,1,,39,,rb
Jade Kush signed model B 8x10 Photo -PROOF- -CERTIFICATE- (A3934),JadeK393422022023rb,29.95,1,,39,,rb
Jade Kush signed model B 8x10 Photo -PROOF- -CERTIFICATE- (A3939),JadeK393922022023rb,29.95,1,,39,,rb
Jade Kush signed model B 8x10 Photo -PROOF- -CERTIFICATE- (A3946),JadeK394622022023rb,29.95,1,,39,,rb
Jade Kush signed model B 8x10 Photo -PROOF- -CERTIFICATE- (A3949),JadeK394922022023rb,29.95,1,,39,,rb
Jade Kush signed model B 8x10 Photo -PROOF- -CERTIFICATE- (A3951),JadeK395122022023rb,29.95,1,,39,,rb
Jade Kush signed model B 8x10 Photo -PROOF- -CERTIFICATE- (A3953),JadeK395322022023rb,29.95,1,,39,,rb
Jade Kush signed model B 8x10 Photo -PROOF- -CERTIFICATE- (A3960),JadeK396022022023rb,29.95,1,,39,,rb
Jade Kush signed model B 8x10 Photo -PROOF- -CERTIFICATE- (A3961),JadeK396122022023rb,29.95,1,,39,,rb
Jade Kush signed model B 8x10 Photo -PROOF- -CERTIFICATE- (A3962),JadeK396222022023rb,29.95,1,,39,,rb
Jade Kush signed model B 8x10 Photo -PROOF- -CERTIFICATE- (A3963),JadeK396322022023rb,29.95,1,,39,,rb
Jade Kush signed model B 8x10 Photo -PROOF- -CERTIFICATE- (A3965),JadeK396522022023rb,29.95,1,,39,,rb
Jade Kush signed model B 8x10 Photo -PROOF- -CERTIFICATE- (A3966),JadeK396622022023rb,29.95,1,,39,,rb
Jade Kush signed model B 8x10 Photo -PROOF- -CERTIFICATE- (A3967),JadeK396722022023rb,29.95,1,,39,,rb
Jade Kush signed model B 8x10 Photo -PROOF- -CERTIFICATE- (A3968),JadeK396822022023rb,29.95,1,,39,,rb
Jade Kush signed model B 8x10 Photo -PROOF- -CERTIFICATE- (A3969),JadeK396922022023rb,29.95,1,,39,,rb
Jade Kush signed model B 8x10 Photo -PROOF- -CERTIFICATE- (A3970),JadeK397022022023rb,29.95,1,,39,,rb
Jade Kush signed model B 8x10 Photo -PROOF- -CERTIFICATE- (A3971),JadeK397122022023rb,29.95,1,,39,,rb
Jade Kush signed model B 8x10 Photo -PROOF- -CERTIFICATE- (A3973),JadeK397322022023rb,29.95,1,,39,,rb
Jade Kush signed model B 8x10 Photo -PROOF- -CERTIFICATE- (A3975),JadeK397522022023rb,29.95,1,,39,,rb
Jade Kush signed model B 8x10 Photo -PROOF- -CERTIFICATE- (A3987),JadeK398722022023rb,29.95,1,,39,,rb
Jade Kush signed model B 8x10 Photo -PROOF- -CERTIFICATE- (A3989),JadeK398922022023rb,29.95,1,,39,,rb
Jade Kush signed model B 8x10 Photo -PROOF- -CERTIFICATE- (A3991),JadeK399122022023rb,29.95,1,,39,,rb
Jade Kush signed model B 8x10 Photo -PROOF- -CERTIFICATE- (A3992),JadeK399222022023rb,29.95,1,,39,,rb
Jade Kush signed model B 8x10 Photo -PROOF- -CERTIFICATE- (A3994),JadeK399422022023rb,29.95,1,,39,,rb
Jade Kush signed model B 8x10 Photo -PROOF- -CERTIFICATE- (A4000),JadeK400022022023rb,29.95,1,,39,,rb
Jade Kush signed model B 8x10 Photo -PROOF- -CERTIFICATE- (A4002),JadeK400222022023rb,29.95,1,,39,,rb
Jade Kush signed model B 8x10 Photo -PROOF- -CERTIFICATE- (A4004),JadeK400422022023rb,29.95,1,,39,,rb
Jade Kush signed model B 8x10 Photo -PROOF- -CERTIFICATE- (A4008),JadeK400822022023rb,29.95,1,,39,,rb
Jade Kush signed model B 8x10 Photo -PROOF- -CERTIFICATE- (A4015),JadeK401522022023rb,29.95,1,,39,,rb
Jade Kush signed model B 8x10 Photo -PROOF- -CERTIFICATE- (A4023),JadeK402322022023rb,29.95,1,,39,,rb
Jade Kush signed model B 8x10 Photo -PROOF- -CERTIFICATE- (A4028),JadeK402822022023rb,29.95,1,,39,,rb
Jade Kush signed model B 8x10 Photo -PROOF- -CERTIFICATE- (A4030),JadeK403022022023rb,29.95,1,,39,,rb
Jade Kush signed model B 8x10 Photo -PROOF- -CERTIFICATE- (A4033),JadeK403322022023rb,29.95,1,,39,,rb
Jade Kush signed model B 8x10 Photo -PROOF- -CERTIFICATE- (A4036),JadeK403622022023rb,29.95,1,,39,,rb
Jade Kush signed model B 8x10 Photo -PROOF- -CERTIFICATE- (A4051),JadeK405122022023rb,29.95,1,,39,,rb
Jade Kush signed model B 8x10 Photo -PROOF- -CERTIFICATE- (A4053),JadeK405322022023rb,29.95,1,,39,,rb
Jade Kush signed model B 8x10 Photo -PROOF- -CERTIFICATE- (A4059),JadeK405922022023rb,29.95,1,,39,,rb
Jade Kush signed model B 8x10 Photo -PROOF- -CERTIFICATE- (A4060),JadeK406022022023rb,29.95,1,,39,,rb
Jade Kush signed model B 8x10 Photo -PROOF- -CERTIFICATE- (A4061),JadeK406122022023rb,29.95,1,,39,,rb
Jade Kush signed model B 8x10 Photo -PROOF- -CERTIFICATE- (A4064),JadeK406422022023rb,29.95,1,,39,,rb
Jade Kush signed model B 8x10 Photo -PROOF- -CERTIFICATE- (A4065),JadeK406522022023rb,29.95,1,,39,,rb
Jade Kush signed model B 8x10 Photo -PROOF- -CERTIFICATE- (A4068),JadeK406822022023rb,29.95,1,,39,,rb
Jade Kush signed model B 8x10 Photo -PROOF- -CERTIFICATE- (A4070),JadeK407022022023rb,29.95,1,,39,,rb
Jade Kush signed model B 8x10 Photo -PROOF- -CERTIFICATE- (A4071),JadeK407122022023rb,29.95,1,,39,,rb
Jade Kush signed model B 8x10 Photo -PROOF- -CERTIFICATE- (A4076),JadeK407622022023rb,29.95,1,,39,,rb
Jade Kush signed model B 8x10 Photo -PROOF- -CERTIFICATE- (A4077),JadeK407722022023rb,29.95,1,,39,,rb
Jade Kush signed model B 8x10 Photo -PROOF- -CERTIFICATE- (A4079),JadeK407922022023rb,29.95,1,,39,,rb
Jane Wilde signed model B 8x10 Photo -PROOF- -CERTIFICATE- (A4097),JaneW409722022023rb,29.95,1,,39,,rb
Jane Wilde signed model B 8x10 Photo -PROOF- -CERTIFICATE- (A4099),JaneW409922022023rb,29.95,1,,39,,rb
Jane Wilde signed model B 8x10 Photo -PROOF- -CERTIFICATE- (A4100),JaneW410022022023rb,29.95,1,,39,,rb
Jane Wilde signed model B 8x10 Photo -PROOF- -CERTIFICATE- (A4103),JaneW410322022023rb,29.95,1,,39,,rb
Jane Wilde signed model B 8x10 Photo -PROOF- -CERTIFICATE- (A4105),JaneW410522022023rb,29.95,1,,39,,rb
Jane Wilde signed model B 8x10 Photo -PROOF- -CERTIFICATE- (A4108),JaneW410822022023rb,29.95,1,,39,,rb
Jane Wilde signed model B 8x10 Photo -PROOF- -CERTIFICATE- (A4121),JaneW412122022023rb,29.95,1,,39,,rb
Jane Wilde signed model B 8x10 Photo -PROOF- -CERTIFICATE- (A4127),JaneW412722022023rb,29.95,1,,39,,rb
Jane Wilde signed model B 8x10 Photo -PROOF- -CERTIFICATE- (A4129),JaneW412922022023rb,29.95,1,,39,,rb
Jane Wilde signed model B 8x10 Photo -PROOF- -CERTIFICATE- (A4141),JaneW414122022023rb,29.95,1,,39,,rb
Janice Griffith signed model B 8x10 Photo -PROOF- -CERTIFICATE- (A4146),JaniceG414622022023rb,29.95,1,,39,,rb
Janice Griffith signed model B 8x10 Photo -PROOF- -CERTIFICATE- (A4147),JaniceG414722022023rb,29.95,1,,39,,rb
Janice Griffith signed model B 8x10 Photo -PROOF- -CERTIFICATE- (A4155),JaniceG415522022023rb,29.95,1,,39,,rb
Janice Griffith signed model B 8x10 Photo -PROOF- -CERTIFICATE- (A4156),JaniceG415622022023rb,29.95,1,,39,,rb
Janice Griffith signed model B 8x10 Photo -PROOF- -CERTIFICATE- (A4158),JaniceG415822022023rb,29.95,1,,39,,rb
Janice Griffith signed model B 8x10 Photo -PROOF- -CERTIFICATE- (A4172),JaniceG417222022023rb,29.95,1,,39,,rb
Janice Griffith signed model B 8x10 Photo -PROOF- -CERTIFICATE- (A4174),JaniceG417422022023rb,29.95,1,,39,,rb
Janice Griffith signed model B 8x10 Photo -PROOF- -CERTIFICATE- (A4179),JaniceG417922022023rb,29.95,1,,39,,rb
Janice Griffith signed model B 8x10 Photo -PROOF- -CERTIFICATE- (A4185),JaniceG418522022023rb,29.95,1,,39,,rb
Janice Griffith signed model B 8x10 Photo -PROOF- -CERTIFICATE- (A4186),JaniceG418622022023rb,29.95,1,,39,,rb
Jay Taylor signed model B 8x10 Photo -PROOF- -CERTIFICATE- (A4191),JayT419122022023rb,29.95,1,,39,,rb
Jay Taylor signed model B 8x10 Photo -PROOF- -CERTIFICATE- (A4192),JayT419222022023rb,29.95,1,,39,,rb
Jay Taylor signed model B 8x10 Photo -PROOF- -CERTIFICATE- (A4194),JayT419422022023rb,29.95,1,,39,,rb
Jay Taylor signed model B 8x10 Photo -PROOF- -CERTIFICATE- (A4196),JayT419622022023rb,29.95,1,,39,,rb
Jay Taylor signed model B 8x10 Photo -PROOF- -CERTIFICATE- (A4210),JayT421022022023rb,29.95,1,,39,,rb
Jay Taylor signed model B 8x10 Photo -PROOF- -CERTIFICATE- (A4212),JayT421222022023rb,29.95,1,,39,,rb
Jenna Starr signed model B 8x10 Photo -PROOF- -CERTIFICATE- (A4222),JennaS422222022023rb,29.95,1,,39,,rb
Jenna Starr signed model B 8x10 Photo -PROOF- -CERTIFICATE- (A4223),JennaS422322022023rb,29.95,1,,39,,rb
Jenna Starr signed model B 8x10 Photo -PROOF- -CERTIFICATE- (A4224),JennaS422422022023rb,29.95,1,,39,,rb
Jenna Starr signed model B 8x10 Photo -PROOF- -CERTIFICATE- (A4225),JennaS422522022023rb,29.95,1,,39,,rb
Jenna Starr signed model B 8x10 Photo -PROOF- -CERTIFICATE- (A4226),JennaS422622022023rb,29.95,1,,39,,rb
Jenna Starr signed model B 8x10 Photo -PROOF- -CERTIFICATE- (A4228),JennaS422822022023rb,29.95,1,,39,,rb
Jenna Starr signed model B 8x10 Photo -PROOF- -CERTIFICATE- (A4229),JennaS422922022023rb,29.95,1,,39,,rb
Jenna Starr signed model B 8x10 Photo -PROOF- -CERTIFICATE- (A4230),JennaS423022022023rb,29.95,1,,39,,rb
Jenna Starr signed model B 8x10 Photo -PROOF- -CERTIFICATE- (A4243),JennaS424322022023rb,29.95,1,,39,,rb
Jennifer White signed model B 8x10 Photo -PROOF- -CERTIFICATE- (A4259),JenniferW425922022023rb,29.95,1,,39,,rb
Jennifer White signed model B 8x10 Photo -PROOF- -CERTIFICATE- (A4260),JenniferW426022022023rb,29.95,1,,39,,rb
Jennifer White signed model B 8x10 Photo -PROOF- -CERTIFICATE- (A4261),JenniferW426122022023rb,29.95,1,,39,,rb
Jennifer White signed model B 8x10 Photo -PROOF- -CERTIFICATE- (A4262),JenniferW426222022023rb,29.95,1,,39,,rb
Jennifer White signed model B 8x10 Photo -PROOF- -CERTIFICATE- (A4263),JenniferW426322022023rb,29.95,1,,39,,rb
Jennifer White signed model B 8x10 Photo -PROOF- -CERTIFICATE- (A4302),JenniferW430222022023rb,29.95,1,,39,,rb
Jesse Pony signed model B 8x10 Photo -PROOF- -CERTIFICATE- (A4305),JesseP430522022023rb,29.95,1,,39,,rb
Jesse Pony signed model B 8x10 Photo -PROOF- -CERTIFICATE- (A4315),JesseP431522022023rb,29.95,1,,39,,rb
Jesse Pony signed model B 8x10 Photo -PROOF- -CERTIFICATE- (A4317),JesseP431722022023rb,29.95,1,,39,,rb
Jesse Pony signed model B 8x10 Photo -PROOF- -CERTIFICATE- (A4319),JesseP431922022023rb,29.95,1,,39,,rb
Jesse Pony signed model B 8x10 Photo -PROOF- -CERTIFICATE- (A4330),JesseP433022022023rb,29.95,1,,39,,rb
Jesse Pony signed model B 8x10 Photo -PROOF- -CERTIFICATE- (A4338),JesseP433822022023rb,29.95,1,,39,,rb
Jesse Pony signed model B 8x10 Photo -PROOF- -CERTIFICATE- (A4339),JesseP433922022023rb,29.95,1,,39,,rb
Jesse Pony signed model B 8x10 Photo -PROOF- -CERTIFICATE- (A4342),JesseP434222022023rb,29.95,1,,39,,rb
Jesse Pony signed model B 8x10 Photo -PROOF- -CERTIFICATE- (A4343),JesseP434322022023rb,29.95,1,,39,,rb
Jesse Pony signed model B 8x10 Photo -PROOF- -CERTIFICATE- (A4344),JesseP434422022023rb,29.95,1,,39,,rb
Jesse Pony signed model B 8x10 Photo -PROOF- -CERTIFICATE- (A4345),JesseP434522022023rb,29.95,1,,39,,rb
Jesse Pony signed model B 8x10 Photo -PROOF- -CERTIFICATE- (A4346),JesseP434622022023rb,29.95,1,,39,,rb
Jesse Pony signed model B 8x10 Photo -PROOF- -CERTIFICATE- (A4349),JesseP434922022023rb,29.95,1,,39,,rb
Jesse Pony signed model B 8x10 Photo -PROOF- -CERTIFICATE- (A4354),JesseP435422022023rb,29.95,1,,39,,rb
Jessie Saint signed model B 8x10 Photo -PROOF- -CERTIFICATE- (A4408),JessieS440822022023rb,29.95,1,,39,,rb
Jessie Saint signed model B 8x10 Photo -PROOF- -CERTIFICATE- (A4414),JessieS441422022023rb,29.95,1,,39,,rb
Jojo Kiss signed model B 8x10 Photo -PROOF- -CERTIFICATE- (A4425),JojoK442522022023rb,29.95,1,,39,,rb
Jojo Kiss signed model B 8x10 Photo -PROOF- -CERTIFICATE- (A4428),JojoK442822022023rb,29.95,1,,39,,rb
Jojo Kiss signed model B 8x10 Photo -PROOF- -CERTIFICATE- (A4432),JojoK443222022023rb,29.95,1,,39,,rb
Jojo Kiss signed model B 8x10 Photo -PROOF- -CERTIFICATE- (A4433),JojoK443322022023rb,29.95,1,,39,,rb
Jojo Kiss signed model B 8x10 Photo -PROOF- -CERTIFICATE- (A4434),JojoK443422022023rb,29.95,1,,39,,rb
Jojo Kiss signed model B 8x10 Photo -PROOF- -CERTIFICATE- (A4436),JojoK443622022023rb,29.95,1,,39,,rb
Jojo Kiss signed model B 8x10 Photo -PROOF- -CERTIFICATE- (A4437),JojoK443722022023rb,29.95,1,,39,,rb
Jojo Kiss signed model B 8x10 Photo -PROOF- -CERTIFICATE- (A4439),JojoK443922022023rb,29.95,1,,39,,rb
Jojo Kiss signed model B 8x10 Photo -PROOF- -CERTIFICATE- (A4442),JojoK444222022023rb,29.95,1,,39,,rb
Jojo Kiss signed model B 8x10 Photo -PROOF- -CERTIFICATE- (A4444),JojoK444422022023rb,29.95,1,,39,,rb
Jojo Kiss signed model B 8x10 Photo -PROOF- -CERTIFICATE- (A4450),JojoK445022022023rb,29.95,1,,39,,rb
Jojo Kiss signed model B 8x10 Photo -PROOF- -CERTIFICATE- (A4451),JojoK445122022023rb,29.95,1,,39,,rb
Kagney Linn signed model B 8x10 Photo -PROOF- -CERTIFICATE- (A4458),KagneyL445822022023rb,29.95,1,,39,,rb
Kagney Linn signed model B 8x10 Photo -PROOF- -CERTIFICATE- (A4478),KagneyL447822022023rb,29.95,1,,39,,rb
Kagney Linn signed model B 8x10 Photo -PROOF- -CERTIFICATE- (A4483),KagneyL448322022023rb,29.95,1,,39,,rb
Kagney Linn signed model B 8x10 Photo -PROOF- -CERTIFICATE- (A4485),KagneyL448522022023rb,29.95,1,,39,,rb
Kagney Linn signed model B 8x10 Photo -PROOF- -CERTIFICATE- (A4493),KagneyL449322022023rb,29.95,1,,39,,rb
Kagney Linn signed model B 8x10 Photo -PROOF- -CERTIFICATE- (A4523),KagneyL452322022023rb,29.95,1,,39,,rb
Kagney Linn signed model B 8x10 Photo -PROOF- -CERTIFICATE- (A4524),KagneyL452422022023rb,29.95,1,,39,,rb
Kagney Linn signed model B 8x10 Photo -PROOF- -CERTIFICATE- (A4525),KagneyL452522022023rb,29.95,1,,39,,rb
Kagney Linn signed model B 8x10 Photo -PROOF- -CERTIFICATE- (A4534),KagneyL453422022023rb,29.95,1,,39,,rb
Kagney Linn signed model B 8x10 Photo -PROOF- -CERTIFICATE- (A4548),KagneyL454822022023rb,29.95,1,,39,,rb
Kagney Linn signed model B 8x10 Photo -PROOF- -CERTIFICATE- (A4554),KagneyL455422022023rb,29.95,1,,39,,rb
Kagney Linn signed model B 8x10 Photo -PROOF- -CERTIFICATE- (A4561),KagneyL456122022023rb,29.95,1,,39,,rb
Kagney Linn signed model B 8x10 Photo -PROOF- -CERTIFICATE- (A4562),KagneyL456222022023rb,29.95,1,,39,,rb
Kagney Linn signed model B 8x10 Photo -PROOF- -CERTIFICATE- (A4564),KagneyL456422022023rb,29.95,1,,39,,rb
Kagney Linn signed model B 8x10 Photo -PROOF- -CERTIFICATE- (A4565),KagneyL456522022023rb,29.95,1,,39,,rb
Kagney Linn signed model B 8x10 Photo -PROOF- -CERTIFICATE- (A4580),KagneyL458022022023rb,29.95,1,,39,,rb
Kagney Linn signed model B 8x10 Photo -PROOF- -CERTIFICATE- (A4581),KagneyL458122022023rb,29.95,1,,39,,rb
Kagney Linn signed model B 8x10 Photo -PROOF- -CERTIFICATE- (A4582),KagneyL458222022023rb,29.95,1,,39,,rb
Kagney Linn signed model B 8x10 Photo -PROOF- -CERTIFICATE- (A4583),KagneyL458322022023rb,29.95,1,,39,,rb
Kagney Linn signed model B 8x10 Photo -PROOF- -CERTIFICATE- (A4584),KagneyL458422022023rb,29.95,1,,39,,rb
Kagney Linn signed model B 8x10 Photo -PROOF- -CERTIFICATE- (A4586),KagneyL458622022023rb,29.95,1,,39,,rb
Kagney Linn signed model B 8x10 Photo -PROOF- -CERTIFICATE- (A4587),KagneyL458722022023rb,29.95,1,,39,,rb
Kagney Linn signed model B 8x10 Photo -PROOF- -CERTIFICATE- (A4588),KagneyL458822022023rb,29.95,1,,39,,rb
Kagney Linn signed model B 8x10 Photo -PROOF- -CERTIFICATE- (A4589),KagneyL458922022023rb,29.95,1,,39,,rb
Kagney Linn signed model B 8x10 Photo -PROOF- -CERTIFICATE- (A4590),KagneyL459022022023rb,29.95,1,,39,,rb
Kagney Linn signed model B 8x10 Photo -PROOF- -CERTIFICATE- (A4602),KagneyL460222022023rb,29.95,1,,39,,rb
Kayla Kayden signed model B 8x10 Photo -PROOF- -CERTIFICATE- (A4608),KaylaK460822022023rb,29.95,1,,39,,rb
Kayla Kayden signed model B 8x10 Photo -PROOF- -CERTIFICATE- (A4616),KaylaK461622022023rb,29.95,1,,39,,rb
Kayla Kayden signed model B 8x10 Photo -PROOF- -CERTIFICATE- (A4630),KaylaK463022022023rb,29.95,1,,39,,rb
Kayla Kayden signed model B 8x10 Photo -PROOF- -CERTIFICATE- (A4639),KaylaK463922022023rb,29.95,1,,39,,rb
Kayla Kayden signed model B 8x10 Photo -PROOF- -CERTIFICATE- (A4645),KaylaK464522022023rb,29.95,1,,39,,rb
Kayla Paige signed model B 8x10 Photo -PROOF- -CERTIFICATE- (A4665),KaylaP466522022023rb,29.95,1,,39,,rb
Kayla Paige signed model B 8x10 Photo -PROOF- -CERTIFICATE- (A4670),KaylaP467022022023rb,29.95,1,,39,,rb
Kayla Paige signed model B 8x10 Photo -PROOF- -CERTIFICATE- (A4671),KaylaP467122022023rb,29.95,1,,39,,rb
Kayla Paige signed model B 8x10 Photo -PROOF- -CERTIFICATE- (A4672),KaylaP467222022023rb,29.95,1,,39,,rb
Kayla Paige signed model B 8x10 Photo -PROOF- -CERTIFICATE- (A4673),KaylaP467322022023rb,29.95,1,,39,,rb
Kayla Paige signed model B 8x10 Photo -PROOF- -CERTIFICATE- (A4675),KaylaP467522022023rb,29.95,1,,39,,rb
Kayla Paige signed model B 8x10 Photo -PROOF- -CERTIFICATE- (A4676),KaylaP467622022023rb,29.95,1,,39,,rb
Kayla Paige signed model B 8x10 Photo -PROOF- -CERTIFICATE- (A4678),KaylaP467822022023rb,29.95,1,,39,,rb
Kayla Paige signed model B 8x10 Photo -PROOF- -CERTIFICATE- (A4679),KaylaP467922022023rb,29.95,1,,39,,rb
Kayla Paige signed model B 8x10 Photo -PROOF- -CERTIFICATE- (A4681),KaylaP468122022023rb,29.95,1,,39,,rb
Kayla Paige signed model B 8x10 Photo -PROOF- -CERTIFICATE- (A4682),KaylaP468222022023rb,29.95,1,,39,,rb
Kayla Paige signed model B 8x10 Photo -PROOF- -CERTIFICATE- (A4683),KaylaP468322022023rb,29.95,1,,39,,rb
Kayla Paige signed model B 8x10 Photo -PROOF- -CERTIFICATE- (A4684),KaylaP468422022023rb,29.95,1,,39,,rb
Kayley Gunner signed model B 8x10 Photo -PROOF- -CERTIFICATE- (A4737),KayleyG473722022023rb,29.95,1,,39,,rb
Kayley Gunner signed model B 8x10 Photo -PROOF- -CERTIFICATE- (A4739),KayleyG473922022023rb,29.95,1,,39,,rb
Kayley Gunner signed model B 8x10 Photo -PROOF- -CERTIFICATE- (A4740),KayleyG474022022023rb,29.95,1,,39,,rb
Kayley Gunner signed model B 8x10 Photo -PROOF- -CERTIFICATE- (A4743),KayleyG474322022023rb,29.95,1,,39,,rb
Kayley Gunner signed model B 8x10 Photo -PROOF- -CERTIFICATE- (A4745),KayleyG474522022023rb,29.95,1,,39,,rb
Kayley Gunner signed model B 8x10 Photo -PROOF- -CERTIFICATE- (A4750),KayleyG475022022023rb,29.95,1,,39,,rb
Kayley Gunner signed model B 8x10 Photo -PROOF- -CERTIFICATE- (A4751),KayleyG475122022023rb,29.95,1,,39,,rb
Kayley Gunner signed model B 8x10 Photo -PROOF- -CERTIFICATE- (A4752),KayleyG475222022023rb,29.95,1,,39,,rb
Kayley Gunner signed model B 8x10 Photo -PROOF- -CERTIFICATE- (A4753),KayleyG475322022023rb,29.95,1,,39,,rb
Kayley Gunner signed model B 8x10 Photo -PROOF- -CERTIFICATE- (A4790),KayleyG479022022023rb,29.95,1,,39,,rb
Kayley Gunner signed model B 8x10 Photo -PROOF- -CERTIFICATE- (A4791),KayleyG479122022023rb,29.95,1,,39,,rb
Kayley Gunner signed model B 8x10 Photo -PROOF- -CERTIFICATE- (A4792),KayleyG479222022023rb,29.95,1,,39,,rb
Kayley Gunner signed model B 8x10 Photo -PROOF- -CERTIFICATE- (A4794),KayleyG479422022023rb,29.95,1,,39,,rb
Kayley Gunner signed model B 8x10 Photo -PROOF- -CERTIFICATE- (A4795),KayleyG479522022023rb,29.95,1,,39,,rb
Kayley Gunner signed model B 8x10 Photo -PROOF- -CERTIFICATE- (A4796),KayleyG479622022023rb,29.95,1,,39,,rb
Kayley Gunner signed model B 8x10 Photo -PROOF- -CERTIFICATE- (A4797),KayleyG479722022023rb,29.95,1,,39,,rb
Kayley Gunner signed model B 8x10 Photo -PROOF- -CERTIFICATE- (A4811),KayleyG481122022023rb,29.95,1,,39,,rb
Kayley Gunner signed model B 8x10 Photo -PROOF- -CERTIFICATE- (A4812),KayleyG481222022023rb,29.95,1,,39,,rb
Kayley Gunner signed model B 8x10 Photo -PROOF- -CERTIFICATE- (A4813),KayleyG481322022023rb,29.95,1,,39,,rb
Kayley Gunner signed model B 8x10 Photo -PROOF- -CERTIFICATE- (A4814),KayleyG481422022023rb,29.95,1,,39,,rb
Kazumi Signed signed model B 8x10 Photo -PROOF- -CERTIFICATE- (A4833),KazumiS483322022023rb,29.95,1,,39,,rb
Kendall Kayden signed model B 8x10 Photo -PROOF- -CERTIFICATE- (A4920),KendallK492022022023rb,29.95,1,,39,,rb
Kendall Kayden signed model B 8x10 Photo -PROOF- -CERTIFICATE- (A4924),KendallK492422022023rb,29.95,1,,39,,rb
Kendall Kayden signed model B 8x10 Photo -PROOF- -CERTIFICATE- (A4925),KendallK492522022023rb,29.95,1,,39,,rb
Kendall Kayden signed model B 8x10 Photo -PROOF- -CERTIFICATE- (A4927),KendallK492722022023rb,29.95,1,,39,,rb
Kendall Kayden signed model B 8x10 Photo -PROOF- -CERTIFICATE- (A4929),KendallK492922022023rb,29.95,1,,39,,rb
Kendall Kayden signed model B 8x10 Photo -PROOF- -CERTIFICATE- (A4932),KendallK493222022023rb,29.95,1,,39,,rb
Kendall Kayden signed model B 8x10 Photo -PROOF- -CERTIFICATE- (A4940),KendallK494022022023rb,29.95,1,,39,,rb
Kendall Kayden signed model B 8x10 Photo -PROOF- -CERTIFICATE- (A4941),KendallK494122022023rb,29.95,1,,39,,rb
Khloe Kapri signed model B 8x10 Photo -PROOF- -CERTIFICATE- (A4957),KhloeK495722022023rb,29.95,1,,39,,rb
Khloe Kapri signed model B 8x10 Photo -PROOF- -CERTIFICATE- (A4958),KhloeK495822022023rb,29.95,1,,39,,rb
Khloe Kapri signed model B 8x10 Photo -PROOF- -CERTIFICATE- (A4966),KhloeK496622022023rb,29.95,1,,39,,rb
Khloe Kapri signed model B 8x10 Photo -PROOF- -CERTIFICATE- (A5012),KhloeK501222022023rb,29.95,1,,39,,rb
Khloe Kapri signed model B 8x10 Photo -PROOF- -CERTIFICATE- (A5013),KhloeK501322022023rb,29.95,1,,39,,rb
Khloe Kapri signed model B 8x10 Photo -PROOF- -CERTIFICATE- (A5014),KhloeK501422022023rb,29.95,1,,39,,rb
Khloe Kapri signed model B 8x10 Photo -PROOF- -CERTIFICATE- (A5015),KhloeK501522022023rb,29.95,1,,39,,rb
Khloe Kapri signed model B 8x10 Photo -PROOF- -CERTIFICATE- (A5016),KhloeK501622022023rb,29.95,1,,39,,rb
Khloe Kapri signed model B 8x10 Photo -PROOF- -CERTIFICATE- (A5017),KhloeK501722022023rb,29.95,1,,39,,rb
Khloe Kapri signed model B 8x10 Photo -PROOF- -CERTIFICATE- (A5018),KhloeK501822022023rb,29.95,1,,39,,rb
Khloe Kapri signed model B 8x10 Photo -PROOF- -CERTIFICATE- (A5019),KhloeK501922022023rb,29.95,1,,39,,rb
Khloe Kapri signed model B 8x10 Photo -PROOF- -CERTIFICATE- (A5020),KhloeK502022022023rb,29.95,1,,39,,rb
Khloe Kapri signed model B 8x10 Photo -PROOF- -CERTIFICATE- (A5021),KhloeK502122022023rb,29.95,1,,39,,rb
Khloe Kapri signed model B 8x10 Photo -PROOF- -CERTIFICATE- (A5022),KhloeK502222022023rb,29.95,1,,39,,rb
Khloe Kapri signed model B 8x10 Photo -PROOF- -CERTIFICATE- (A5047),KhloeK504722022023rb,29.95,1,,39,,rb
Kiki Daire signed model B 8x10 Photo -PROOF- -CERTIFICATE- (A5084),KikiD508422022023rb,29.95,1,,39,,rb
Kiki Daire signed model B 8x10 Photo -PROOF- -CERTIFICATE- (A5085),KikiD508522022023rb,29.95,1,,39,,rb
Kiki Daire signed model B 8x10 Photo -PROOF- -CERTIFICATE- (A5086),KikiD508622022023rb,29.95,1,,39,,rb
Kiki Daire signed model B 8x10 Photo -PROOF- -CERTIFICATE- (A5087),KikiD508722022023rb,29.95,1,,39,,rb
Kiki Daire signed model B 8x10 Photo -PROOF- -CERTIFICATE- (A5088),KikiD508822022023rb,29.95,1,,39,,rb
Lasirena Signed signed model B 8x10 Photo -PROOF- -CERTIFICATE- (A5094),LasirenaS509422022023rb,29.95,1,,39,,rb
Lasirena Signed signed model B 8x10 Photo -PROOF- -CERTIFICATE- (A5095),LasirenaS509522022023rb,29.95,1,,39,,rb
Lasirena Signed signed model B 8x10 Photo -PROOF- -CERTIFICATE- (A5096),LasirenaS509622022023rb,29.95,1,,39,,rb
Lasirena Signed signed model B 8x10 Photo -PROOF- -CERTIFICATE- (A5127),LasirenaS512722022023rb,29.95,1,,39,,rb
Lexi Lore signed model B 8x10 Photo -PROOF- -CERTIFICATE- (A5132),LexiL513222022023rb,29.95,1,,39,,rb
Lexi Lore signed model B 8x10 Photo -PROOF- -CERTIFICATE- (A5135),LexiL513522022023rb,29.95,1,,39,,rb
Lexi Lore signed model B 8x10 Photo -PROOF- -CERTIFICATE- (A5137),LexiL513722022023rb,29.95,1,,39,,rb
Lexi Luna signed model B 8x10 Photo -PROOF- -CERTIFICATE- (A5173),LexiL517322022023rb,29.95,1,,39,,rb
Lexi Luna signed model B 8x10 Photo -PROOF- -CERTIFICATE- (A5174),LexiL517422022023rb,29.95,1,,39,,rb
Lexi Luna signed model B 8x10 Photo -PROOF- -CERTIFICATE- (A5175),LexiL517522022023rb,29.95,1,,39,,rb
Lexi Luna signed model B 8x10 Photo -PROOF- -CERTIFICATE- (A5177),LexiL517722022023rb,29.95,1,,39,,rb
Lexi Luna signed model B 8x10 Photo -PROOF- -CERTIFICATE- (A5178),LexiL517822022023rb,29.95,1,,39,,rb
Lexi Luna signed model B 8x10 Photo -PROOF- -CERTIFICATE- (A5195),LexiL519522022023rb,29.95,1,,39,,rb
Lila Lovely signed model B 8x10 Photo -PROOF- -CERTIFICATE- (A5212),LilaL521222022023rb,29.95,1,,39,,rb
Lila Lovely signed model B 8x10 Photo -PROOF- -CERTIFICATE- (A5221),LilaL522122022023rb,29.95,1,,39,,rb
Lily Lou signed model B 8x10 Photo -PROOF- -CERTIFICATE- (A5336),LilyL533622022023rb,29.95,1,,39,,rb
Madison Morgan signed model B 8x10 Photo -PROOF- -CERTIFICATE- (A5416),MadisonM541622022023rb,29.95,1,,39,,rb
Madison Morgan signed model B 8x10 Photo -PROOF- -CERTIFICATE- (A5418),MadisonM541822022023rb,29.95,1,,39,,rb
Madison Morgan signed model B 8x10 Photo -PROOF- -CERTIFICATE- (A5420),MadisonM542022022023rb,29.95,1,,39,,rb
Madison Morgan signed model B 8x10 Photo -PROOF- -CERTIFICATE- (A5433),MadisonM543322022023rb,29.95,1,,39,,rb
Maxine X signed model B 8x10 Photo -PROOF- -CERTIFICATE- (A5444),MaxineX544422022023rb,29.95,1,,39,,rb
Maxine X signed model B 8x10 Photo -PROOF- -CERTIFICATE- (A5445),MaxineX544522022023rb,29.95,1,,39,,rb
Maxine X signed model B 8x10 Photo -PROOF- -CERTIFICATE- (A5446),MaxineX544622022023rb,29.95,1,,39,,rb
Maxine X signed model B 8x10 Photo -PROOF- -CERTIFICATE- (A5452),MaxineX545222022023rb,29.95,1,,39,,rb
Maxine X signed model B 8x10 Photo -PROOF- -CERTIFICATE- (A5455),MaxineX545522022023rb,29.95,1,,39,,rb
Maxine X signed model B 8x10 Photo -PROOF- -CERTIFICATE- (A5458),MaxineX545822022023rb,29.95,1,,39,,rb
Maxine X signed model B 8x10 Photo -PROOF- -CERTIFICATE- (A5460),MaxineX546022022023rb,29.95,1,,39,,rb
Maxine X signed model B 8x10 Photo -PROOF- -CERTIFICATE- (A5463),MaxineX546322022023rb,29.95,1,,39,,rb
Maxine X signed model B 8x10 Photo -PROOF- -CERTIFICATE- (A5465),MaxineX546522022023rb,29.95,1,,39,,rb
Maxine X signed model B 8x10 Photo -PROOF- -CERTIFICATE- (A5466),MaxineX546622022023rb,29.95,1,,39,,rb
Maxine X signed model B 8x10 Photo -PROOF- -CERTIFICATE- (A5476),MaxineX547622022023rb,29.95,1,,39,,rb
Maxine X signed model B 8x10 Photo -PROOF- -CERTIFICATE- (A5477),MaxineX547722022023rb,29.95,1,,39,,rb
Maxine X signed model B 8x10 Photo -PROOF- -CERTIFICATE- (A5482),MaxineX548222022023rb,29.95,1,,39,,rb
Maxine X signed model B 8x10 Photo -PROOF- -CERTIFICATE- (A5484),MaxineX548422022023rb,29.95,1,,39,,rb
Maxine X signed model B 8x10 Photo -PROOF- -CERTIFICATE- (A5489),MaxineX548922022023rb,29.95,1,,39,,rb
Maxine X signed model B 8x10 Photo -PROOF- -CERTIFICATE- (A5490),MaxineX549022022023rb,29.95,1,,39,,rb
Maxine X signed model B 8x10 Photo -PROOF- -CERTIFICATE- (A5491),MaxineX549122022023rb,29.95,1,,39,,rb
Maxine X signed model B 8x10 Photo -PROOF- -CERTIFICATE- (A5492),MaxineX549222022023rb,29.95,1,,39,,rb
Maxine X signed model B 8x10 Photo -PROOF- -CERTIFICATE- (A5493),MaxineX549322022023rb,29.95,1,,39,,rb
Maxine X signed model B 8x10 Photo -PROOF- -CERTIFICATE- (A5494),MaxineX549422022023rb,29.95,1,,39,,rb
Maxine X signed model B 8x10 Photo -PROOF- -CERTIFICATE- (A5498),MaxineX549822022023rb,29.95,1,,39,,rb
Maxine X signed model B 8x10 Photo -PROOF- -CERTIFICATE- (A5500),MaxineX550022022023rb,29.95,1,,39,,rb
Maxine X signed model B 8x10 Photo -PROOF- -CERTIFICATE- (A5501),MaxineX550122022023rb,29.95,1,,39,,rb
Maxine X signed model B 8x10 Photo -PROOF- -CERTIFICATE- (A5502),MaxineX550222022023rb,29.95,1,,39,,rb
Maxine X signed model B 8x10 Photo -PROOF- -CERTIFICATE- (A5506),MaxineX550622022023rb,29.95,1,,39,,rb
Maxine X signed model B 8x10 Photo -PROOF- -CERTIFICATE- (A5507),MaxineX550722022023rb,29.95,1,,39,,rb
Maya Woulfe signed model B 8x10 Photo -PROOF- -CERTIFICATE- (A5510),MayaW551022022023rb,29.95,1,,39,,rb
Maya Woulfe signed model B 8x10 Photo -PROOF- -CERTIFICATE- (A5516),MayaW551622022023rb,29.95,1,,39,,rb
Maya Woulfe signed model B 8x10 Photo -PROOF- -CERTIFICATE- (A5527),MayaW552722022023rb,29.95,1,,39,,rb
Maya Woulfe signed model B 8x10 Photo -PROOF- -CERTIFICATE- (A5528),MayaW552822022023rb,29.95,1,,39,,rb
Maya Woulfe signed model B 8x10 Photo -PROOF- -CERTIFICATE- (A5539),MayaW553922022023rb,29.95,1,,39,,rb
Naudi Nala signed model B 8x10 Photo -PROOF- -CERTIFICATE- (A5565),NaudiN556522022023rb,29.95,1,,39,,rb
Onyx Muse signed model B 8x10 Photo -PROOF- -CERTIFICATE- (A5570),OnyxM557022022023rb,29.95,1,,39,,rb
Onyx Muse signed model B 8x10 Photo -PROOF- -CERTIFICATE- (A5571),OnyxM557122022023rb,29.95,1,,39,,rb
Onyx Muse signed model B 8x10 Photo -PROOF- -CERTIFICATE- (A5574),OnyxM557422022023rb,29.95,1,,39,,rb
Onyx Muse signed model B 8x10 Photo -PROOF- -CERTIFICATE- (A5577),OnyxM557722022023rb,29.95,1,,39,,rb
Onyx Muse signed model B 8x10 Photo -PROOF- -CERTIFICATE- (A5578),OnyxM557822022023rb,29.95,1,,39,,rb
Onyx Muse signed model B 8x10 Photo -PROOF- -CERTIFICATE- (A5579),OnyxM557922022023rb,29.95,1,,39,,rb
Onyx Muse signed model B 8x10 Photo -PROOF- -CERTIFICATE- (A5580),OnyxM558022022023rb,29.95,1,,39,,rb
Ophelia Rain signed model B 8x10 Photo -PROOF- -CERTIFICATE- (A5592),OpheliaR559222022023rb,29.95,1,,39,,rb
Ophelia Rain signed model B 8x10 Photo -PROOF- -CERTIFICATE- (A5594),OpheliaR559422022023rb,29.95,1,,39,,rb
Ophelia Rain signed model B 8x10 Photo -PROOF- -CERTIFICATE- (A5597),OpheliaR559722022023rb,29.95,1,,39,,rb
Pinky Signed signed model B 8x10 Photo -PROOF- -CERTIFICATE- (A5623),PinkyS562322022023rb,29.95,1,,39,,rb
Pinky Signed signed model B 8x10 Photo -PROOF- -CERTIFICATE- (A5625),PinkyS562522022023rb,29.95,1,,39,,rb
Reena Sky signed model B 8x10 Photo -PROOF- -CERTIFICATE- (A5799),ReenaS579922022023rb,29.95,1,,39,,rb
Reena Sky signed model B 8x10 Photo -PROOF- -CERTIFICATE- (A5806),ReenaS580622022023rb,29.95,1,,39,,rb
Reena Sky signed model B 8x10 Photo -PROOF- -CERTIFICATE- (A5807),ReenaS580722022023rb,29.95,1,,39,,rb
Reena Sky signed model B 8x10 Photo -PROOF- -CERTIFICATE- (A5809),ReenaS580922022023rb,29.95,1,,39,,rb
Reena Sky signed model B 8x10 Photo -PROOF- -CERTIFICATE- (A5810),ReenaS581022022023rb,29.95,1,,39,,rb
Reena Sky signed model B 8x10 Photo -PROOF- -CERTIFICATE- (A5811),ReenaS581122022023rb,29.95,1,,39,,rb
Reena Sky signed model B 8x10 Photo -PROOF- -CERTIFICATE- (A5813),ReenaS581322022023rb,29.95,1,,39,,rb
Reena Sky signed model B 8x10 Photo -PROOF- -CERTIFICATE- (A5823),ReenaS582322022023rb,29.95,1,,39,,rb
Reena Sky signed model B 8x10 Photo -PROOF- -CERTIFICATE- (A5826),ReenaS582622022023rb,29.95,1,,39,,rb
Reena Sky signed model B 8x10 Photo -PROOF- -CERTIFICATE- (A5827),ReenaS582722022023rb,29.95,1,,39,,rb
Reena Sky signed model B 8x10 Photo -PROOF- -CERTIFICATE- (A5833),ReenaS583322022023rb,29.95,1,,39,,rb
Reena Sky signed model B 8x10 Photo -PROOF- -CERTIFICATE- (A5846),ReenaS584622022023rb,29.95,1,,39,,rb
Reena Sky signed model B 8x10 Photo -PROOF- -CERTIFICATE- (A5849),ReenaS584922022023rb,29.95,1,,39,,rb
Reena Sky signed model B 8x10 Photo -PROOF- -CERTIFICATE- (A5851),ReenaS585122022023rb,29.95,1,,39,,rb
Reena Sky signed model B 8x10 Photo -PROOF- -CERTIFICATE- (A5859),ReenaS585922022023rb,29.95,1,,39,,rb
Reya Sunshine signed model B 8x10 Photo -PROOF- -CERTIFICATE- (A5864),ReyaS586422022023rb,29.95,1,,39,,rb
Reya Sunshine signed model B 8x10 Photo -PROOF- -CERTIFICATE- (A5865),ReyaS586522022023rb,29.95,1,,39,,rb
Riley Nixon signed model B 8x10 Photo -PROOF- -CERTIFICATE- (A5905),RileyN590522022023rb,29.95,1,,39,,rb
Riley Nixon signed model B 8x10 Photo -PROOF- -CERTIFICATE- (A5907),RileyN590722022023rb,29.95,1,,39,,rb
Riley Nixon signed model B 8x10 Photo -PROOF- -CERTIFICATE- (A5911),RileyN591122022023rb,29.95,1,,39,,rb
Riley Nixon signed model B 8x10 Photo -PROOF- -CERTIFICATE- (A5942),RileyN594222022023rb,29.95,1,,39,,rb
Riley Nixon signed model B 8x10 Photo -PROOF- -CERTIFICATE- (A5943),RileyN594322022023rb,29.95,1,,39,,rb
Roxie Sinner signed model B 8x10 Photo -PROOF- -CERTIFICATE- (A5950),RoxieS595022022023rb,29.95,1,,39,,rb
Roxie Sinner signed model B 8x10 Photo -PROOF- -CERTIFICATE- (A5952),RoxieS595222022023rb,29.95,1,,39,,rb
Roxie Sinner signed model B 8x10 Photo -PROOF- -CERTIFICATE- (A5953),RoxieS595322022023rb,29.95,1,,39,,rb
Roxie Sinner signed model B 8x10 Photo -PROOF- -CERTIFICATE- (A5954),RoxieS595422022023rb,29.95,1,,39,,rb
Roxie Sinner signed model B 8x10 Photo -PROOF- -CERTIFICATE- (A5969),RoxieS596922022023rb,29.95,1,,39,,rb
Roxie Sinner signed model B 8x10 Photo -PROOF- -CERTIFICATE- (A5971),RoxieS597122022023rb,29.95,1,,39,,rb
Roxie Sinner signed model B 8x10 Photo -PROOF- -CERTIFICATE- (A5972),RoxieS597222022023rb,29.95,1,,39,,rb
Roxie Sinner signed model B 8x10 Photo -PROOF- -CERTIFICATE- (A5973),RoxieS597322022023rb,29.95,1,,39,,rb
Roxie Sinner signed model B 8x10 Photo -PROOF- -CERTIFICATE- (A5982),RoxieS598222022023rb,29.95,1,,39,,rb
Sarah Jessie signed model B 8x10 Photo -PROOF- -CERTIFICATE- (A6006),SarahJ600622022023rb,29.95,1,,39,,rb
Sarah Jessie signed model B 8x10 Photo -PROOF- -CERTIFICATE- (A6016),SarahJ601622022023rb,29.95,1,,39,,rb
Sarah Jessie signed model B 8x10 Photo -PROOF- -CERTIFICATE- (A6020),SarahJ602022022023rb,29.95,1,,39,,rb
Sarah Jessie signed model B 8x10 Photo -PROOF- -CERTIFICATE- (A6021),SarahJ602122022023rb,29.95,1,,39,,rb
Savannah Bond signed model B 8x10 Photo -PROOF- -CERTIFICATE- (A6037),SavannahB603722022023rb,29.95,1,,39,,rb
Savannah Bond signed model B 8x10 Photo -PROOF- -CERTIFICATE- (A6038),SavannahB603822022023rb,29.95,1,,39,,rb
Savannah Bond signed model B 8x10 Photo -PROOF- -CERTIFICATE- (A6039),SavannahB603922022023rb,29.95,1,,39,,rb
Savannah Bond signed model B 8x10 Photo -PROOF- -CERTIFICATE- (A6040),SavannahB604022022023rb,29.95,1,,39,,rb
Savannah Bond signed model B 8x10 Photo -PROOF- -CERTIFICATE- (A6041),SavannahB604122022023rb,29.95,1,,39,,rb
Savannah Bond signed model B 8x10 Photo -PROOF- -CERTIFICATE- (A6042),SavannahB604222022023rb,29.95,1,,39,,rb
Savannah Bond signed model B 8x10 Photo -PROOF- -CERTIFICATE- (A6043),SavannahB604322022023rb,29.95,1,,39,,rb
Savannah Bond signed model B 8x10 Photo -PROOF- -CERTIFICATE- (A6044),SavannahB604422022023rb,29.95,1,,39,,rb
Savannah Bond signed model B 8x10 Photo -PROOF- -CERTIFICATE- (A6059),SavannahB605922022023rb,29.95,1,,39,,rb
Savannah Bond signed model B 8x10 Photo -PROOF- -CERTIFICATE- (A6060),SavannahB606022022023rb,29.95,1,,39,,rb
Savannah Bond signed model B 8x10 Photo -PROOF- -CERTIFICATE- (A6061),SavannahB606122022023rb,29.95,1,,39,,rb
Savannah Bond signed model B 8x10 Photo -PROOF- -CERTIFICATE- (A6063),SavannahB606322022023rb,29.95,1,,39,,rb
Savannah Bond signed model B 8x10 Photo -PROOF- -CERTIFICATE- (A6064),SavannahB606422022023rb,29.95,1,,39,,rb
Savannah Bond signed model B 8x10 Photo -PROOF- -CERTIFICATE- (A6065),SavannahB606522022023rb,29.95,1,,39,,rb
Scarlett Hampton signed model B 8x10 Photo -PROOF- -CERTIFICATE- (A6156),ScarlettH615622022023rb,29.95,1,,39,,rb
Scarlett Hampton signed model B 8x10 Photo -PROOF- -CERTIFICATE- (A6157),ScarlettH615722022023rb,29.95,1,,39,,rb
Scarlett Hampton signed model B 8x10 Photo -PROOF- -CERTIFICATE- (A6196),ScarlettH619622022023rb,29.95,1,,39,,rb
Scarlett Hampton signed model B 8x10 Photo -PROOF- -CERTIFICATE- (A6198),ScarlettH619822022023rb,29.95,1,,39,,rb
Scarlett Hampton signed model B 8x10 Photo -PROOF- -CERTIFICATE- (A6200),ScarlettH620022022023rb,29.95,1,,39,,rb
Scarlett Sage signed model B 8x10 Photo -PROOF- -CERTIFICATE- (A6213),ScarlettS621322022023rb,29.95,1,,39,,rb
Scarlett Sage signed model B 8x10 Photo -PROOF- -CERTIFICATE- (A6232),ScarlettS623222022023rb,29.95,1,,39,,rb
Scarlett Sage signed model B 8x10 Photo -PROOF- -CERTIFICATE- (A6234),ScarlettS623422022023rb,29.95,1,,39,,rb
Scarlett Sage signed model B 8x10 Photo -PROOF- -CERTIFICATE- (A6235),ScarlettS623522022023rb,29.95,1,,39,,rb
Scarlett Sage signed model B 8x10 Photo -PROOF- -CERTIFICATE- (A6236),ScarlettS623622022023rb,29.95,1,,39,,rb
Scarlett Sage signed model B 8x10 Photo -PROOF- -CERTIFICATE- (A6237),ScarlettS623722022023rb,29.95,1,,39,,rb
Scarlett Sage signed model B 8x10 Photo -PROOF- -CERTIFICATE- (A6238),ScarlettS623822022023rb,29.95,1,,39,,rb
Scarlett Sage signed model B 8x10 Photo -PROOF- -CERTIFICATE- (A6239),ScarlettS623922022023rb,29.95,1,,39,,rb
Scarlett Sage signed model B 8x10 Photo -PROOF- -CERTIFICATE- (A6240),ScarlettS624022022023rb,29.95,1,,39,,rb
Silvia Sage signed model B 8x10 Photo -PROOF- -CERTIFICATE- (A6262),SilviaS626222022023rb,29.95,1,,39,,rb
Sinn Sage signed model B 8x10 Photo -PROOF- -CERTIFICATE- (A6275),SinnS627522022023rb,29.95,1,,39,,rb
Slimthick Vic signed model B 8x10 Photo -PROOF- -CERTIFICATE- (A6320),SlimthickV632022022023rb,29.95,1,,39,,rb
Slimthick Vic signed model B 8x10 Photo -PROOF- -CERTIFICATE- (A6321),SlimthickV632122022023rb,29.95,1,,39,,rb
Slimthick Vic signed model B 8x10 Photo -PROOF- -CERTIFICATE- (A6358),SlimthickV635822022023rb,29.95,1,,39,,rb
Sofie Marie signed model B 8x10 Photo -PROOF- -CERTIFICATE- (A6377),SofieM637722022023rb,29.95,1,,39,,rb
Sophia Leone signed model B 8x10 Photo -PROOF- -CERTIFICATE- (A6380),SophiaL638022022023rb,29.95,1,,39,,rb
Sophia Leone signed model B 8x10 Photo -PROOF- -CERTIFICATE- (A6397),SophiaL639722022023rb,29.95,1,,39,,rb
Sophia Leone signed model B 8x10 Photo -PROOF- -CERTIFICATE- (A6411),SophiaL641122022023rb,29.95,1,,39,,rb
Sophia Leone signed model B 8x10 Photo -PROOF- -CERTIFICATE- (A6412),SophiaL641222022023rb,29.95,1,,39,,rb
Sophia Leone signed model B 8x10 Photo -PROOF- -CERTIFICATE- (A6413),SophiaL641322022023rb,29.95,1,,39,,rb
Sophia Leone signed model B 8x10 Photo -PROOF- -CERTIFICATE- (A6414),SophiaL641422022023rb,29.95,1,,39,,rb
Sophia Leone signed model B 8x10 Photo -PROOF- -CERTIFICATE- (A6415),SophiaL641522022023rb,29.95,1,,39,,rb
Sophia Leone signed model B 8x10 Photo -PROOF- -CERTIFICATE- (A6416),SophiaL641622022023rb,29.95,1,,39,,rb
Sophia Leone signed model B 8x10 Photo -PROOF- -CERTIFICATE- (A6417),SophiaL641722022023rb,29.95,1,,39,,rb
Sophia Leone signed model B 8x10 Photo -PROOF- -CERTIFICATE- (A6419),SophiaL641922022023rb,29.95,1,,39,,rb
Sophia Leone signed model B 8x10 Photo -PROOF- -CERTIFICATE- (A6446),SophiaL644622022023rb,29.95,1,,39,,rb
Sophia Leone signed model B 8x10 Photo -PROOF- -CERTIFICATE- (A6447),SophiaL644722022023rb,29.95,1,,39,,rb
Spencer Scott signed model B 8x10 Photo -PROOF- -CERTIFICATE- (A6456),SpencerS645622022023rb,29.95,1,,39,,rb
Spencer Scott signed model B 8x10 Photo -PROOF- -CERTIFICATE- (A6457),SpencerS645722022023rb,29.95,1,,39,,rb
Spencer Scott signed model B 8x10 Photo -PROOF- -CERTIFICATE- (A6460),SpencerS646022022023rb,29.95,1,,39,,rb
Spencer Scott signed model B 8x10 Photo -PROOF- -CERTIFICATE- (A6461),SpencerS646122022023rb,29.95,1,,39,,rb
Spencer Scott signed model B 8x10 Photo -PROOF- -CERTIFICATE- (A6462),SpencerS646222022023rb,29.95,1,,39,,rb
Spencer Scott signed model B 8x10 Photo -PROOF- -CERTIFICATE- (A6463),SpencerS646322022023rb,29.95,1,,39,,rb
Spencer Scott signed model B 8x10 Photo -PROOF- -CERTIFICATE- (A6464),SpencerS646422022023rb,29.95,1,,39,,rb
Spencer Scott signed model B 8x10 Photo -PROOF- -CERTIFICATE- (A6474),SpencerS647422022023rb,29.95,1,,39,,rb
Spencer Scott signed model B 8x10 Photo -PROOF- -CERTIFICATE- (A6475),SpencerS647522022023rb,29.95,1,,39,,rb
Spencer Scott signed model B 8x10 Photo -PROOF- -CERTIFICATE- (A6476),SpencerS647622022023rb,29.95,1,,39,,rb
Spencer Scott signed model B 8x10 Photo -PROOF- -CERTIFICATE- (A6486),SpencerS648622022023rb,29.95,1,,39,,rb
Spencer Scott signed model B 8x10 Photo -PROOF- -CERTIFICATE- (A6488),SpencerS648822022023rb,29.95,1,,39,,rb
Spencer Scott signed model B 8x10 Photo -PROOF- -CERTIFICATE- (A6519),SpencerS651922022023rb,29.95,1,,39,,rb
Spencer Scott signed model B 8x10 Photo -PROOF- -CERTIFICATE- (A6526),SpencerS652622022023rb,29.95,1,,39,,rb
Stoya Jesse signed model B 8x10 Photo -PROOF- -CERTIFICATE- (A2016),StoyaJ201622022023rb,29.95,1,,39,,rb
Summer Hart signed model B 8x10 Photo -PROOF- -CERTIFICATE- (A6533),SummerH653322022023rb,29.95,1,,39,,rb
Summer Hart signed model B 8x10 Photo -PROOF- -CERTIFICATE- (A6563),SummerH656322022023rb,29.95,1,,39,,rb
Summer Hart signed model B 8x10 Photo -PROOF- -CERTIFICATE- (A6564),SummerH656422022023rb,29.95,1,,39,,rb
Summer Hart signed model B 8x10 Photo -PROOF- -CERTIFICATE- (A6565),SummerH656522022023rb,29.95,1,,39,,rb
Summer Hart signed model B 8x10 Photo -PROOF- -CERTIFICATE- (A6566),SummerH656622022023rb,29.95,1,,39,,rb
Tiffany Watson signed model B 8x10 Photo -PROOF- -CERTIFICATE- (A6570),TiffanyW657022022023rb,29.95,1,,39,,rb
Tiffany Watson signed model B 8x10 Photo -PROOF- -CERTIFICATE- (A6591),TiffanyW659122022023rb,29.95,1,,39,,rb
Valerica Steele signed model B 8x10 Photo -PROOF- -CERTIFICATE- (A6680),ValericaS668022022023rb,29.95,1,,39,,rb
Valerica Steele signed model B 8x10 Photo -PROOF- -CERTIFICATE- (A6681),ValericaS668122022023rb,29.95,1,,39,,rb
Valerica Steele signed model B 8x10 Photo -PROOF- -CERTIFICATE- (A6690),ValericaS669022022023rb,29.95,1,,39,,rb
Valerica Steele signed model B 8x10 Photo -PROOF- -CERTIFICATE- (A6692),ValericaS669222022023rb,29.95,1,,39,,rb
Valerica Steele signed model B 8x10 Photo -PROOF- -CERTIFICATE- (A6704),ValericaS670422022023rb,29.95,1,,39,,rb
Vanessa Vega signed model B 8x10 Photo -PROOF- -CERTIFICATE- (A6733),VanessaV673322022023rb,29.95,1,,39,,rb
Vanessa Vega signed model B 8x10 Photo -PROOF- -CERTIFICATE- (A6736),VanessaV673622022023rb,29.95,1,,39,,rb
Vanessa Vega signed model B 8x10 Photo -PROOF- -CERTIFICATE- (A6737),VanessaV673722022023rb,29.95,1,,39,,rb
Vanessa Vega signed model B 8x10 Photo -PROOF- -CERTIFICATE- (A6739),VanessaV673922022023rb,29.95,1,,39,,rb
Vanessa Vega signed model B 8x10 Photo -PROOF- -CERTIFICATE- (A6742),VanessaV674222022023rb,29.95,1,,39,,rb
Vanessa Vega signed model B 8x10 Photo -PROOF- -CERTIFICATE- (A6749),VanessaV674922022023rb,29.95,1,,39,,rb
Victoria Voxxx signed model B 8x10 Photo -PROOF- -CERTIFICATE- (A6751),VictoriaV675122022023rb,29.95,1,,39,,rb
Victoria Voxxx signed model B 8x10 Photo -PROOF- -CERTIFICATE- (A6752),VictoriaV675222022023rb,29.95,1,,39,,rb
Violet Monroe signed model B 8x10 Photo -PROOF- -CERTIFICATE- (A6776),VioletM677622022023rb,29.95,1,,39,,rb
Violet Monroe signed model B 8x10 Photo -PROOF- -CERTIFICATE- (A6785),VioletM678522022023rb,29.95,1,,39,,rb
Violet Monroe signed model B 8x10 Photo -PROOF- -CERTIFICATE- (A6786),VioletM678622022023rb,29.95,1,,39,,rb
Violet Monroe signed model B 8x10 Photo -PROOF- -CERTIFICATE- (A6787),VioletM678722022023rb,29.95,1,,39,,rb
Violet Monroe signed model B 8x10 Photo -PROOF- -CERTIFICATE- (A6788),VioletM678822022023rb,29.95,1,,39,,rb
Violet Monroe signed model B 8x10 Photo -PROOF- -CERTIFICATE- (A6789),VioletM678922022023rb,29.95,1,,39,,rb
Violet Monroe signed model B 8x10 Photo -PROOF- -CERTIFICATE- (A6790),VioletM679022022023rb,29.95,1,,39,,rb
Violet Monroe signed model B 8x10 Photo -PROOF- -CERTIFICATE- (A6791),VioletM679122022023rb,29.95,1,,39,,rb
Violet Monroe signed model B 8x10 Photo -PROOF- -CERTIFICATE- (A6811),VioletM681122022023rb,29.95,1,,39,,rb
Violet Monroe signed model B 8x10 Photo -PROOF- -CERTIFICATE- (A6812),VioletM681222022023rb,29.95,1,,39,,rb
Whitney Wright signed model B 8x10 Photo -PROOF- -CERTIFICATE- (A6816),WhitneyW681622022023rb,29.95,1,,39,,rb
Whitney Wright signed model B 8x10 Photo -PROOF- -CERTIFICATE- (A6817),WhitneyW681722022023rb,29.95,1,,39,,rb
Whitney Wright signed model B 8x10 Photo -PROOF- -CERTIFICATE- (A6818),WhitneyW681822022023rb,29.95,1,,39,,rb
Whitney Wright signed model B 8x10 Photo -PROOF- -CERTIFICATE- (A6822),WhitneyW682222022023rb,29.95,1,,39,,rb
Whitney Wright signed model B 8x10 Photo -PROOF- -CERTIFICATE- (A6824),WhitneyW682422022023rb,29.95,1,,39,,rb
Whitney Wright signed model B 8x10 Photo -PROOF- -CERTIFICATE- (A6843),WhitneyW684322022023rb,29.95,1,,39,,rb
Whitney Wright signed model B 8x10 Photo -PROOF- -CERTIFICATE- (A6846),WhitneyW684622022023rb,29.95,1,,39,,rb
Whitney Wright signed model B 8x10 Photo -PROOF- -CERTIFICATE- (A6864),WhitneyW686422022023rb,29.95,1,,39,,rb
Adriana Maya signed model B 8x10 Photo -PROOF- -CERTIFICATE- (A1000),AdrianaM100022022023rb,29.95,1,,39,,rb
Adriana Maya signed model B 8x10 Photo -PROOF- -CERTIFICATE- (A1004),AdrianaM100422022023rb,29.95,1,,39,,rb
Adriana Maya signed model B 8x10 Photo -PROOF- -CERTIFICATE- (A1005),AdrianaM100522022023rb,29.95,1,,39,,rb
Adriana Maya signed model B 8x10 Photo -PROOF- -CERTIFICATE- (A1009),AdrianaM100922022023rb,29.95,1,,39,,rb
Adriana Maya signed model B 8x10 Photo -PROOF- -CERTIFICATE- (A1010),AdrianaM101022022023rb,29.95,1,,39,,rb
Adriana Maya signed model B 8x10 Photo -PROOF- -CERTIFICATE- (A1031),AdrianaM103122022023rb,29.95,1,,39,,rb
Adriana Maya signed model B 8x10 Photo -PROOF- -CERTIFICATE- (A1033),AdrianaM103322022023rb,29.95,1,,39,,rb
Adriana Maya signed model B 8x10 Photo -PROOF- -CERTIFICATE- (A1034),AdrianaM103422022023rb,29.95,1,,39,,rb
Adriana Maya signed model B 8x10 Photo -PROOF- -CERTIFICATE- (A1039),AdrianaM103922022023rb,29.95,1,,39,,rb
Aila Donovan signed model B 8x10 Photo -PROOF- -CERTIFICATE- (A1374),AilaD137422022023rb,29.95,1,,39,,rb
Aila Donovan signed model B 8x10 Photo -PROOF- -CERTIFICATE- (A1376),AilaD137622022023rb,29.95,1,,39,,rb
Aila Donovan signed model B 8x10 Photo -PROOF- -CERTIFICATE- (A1396),AilaD139622022023rb,29.95,1,,39,,rb
Aila Donovan signed model B 8x10 Photo -PROOF- -CERTIFICATE- (A1397),AilaD139722022023rb,29.95,1,,39,,rb
Aila Donovan signed model B 8x10 Photo -PROOF- -CERTIFICATE- (A1417),AilaD141722022023rb,29.95,1,,39,,rb
Aila Donovan signed model B 8x10 Photo -PROOF- -CERTIFICATE- (A1421),AilaD142122022023rb,29.95,1,,39,,rb
Allie Addison signed model B 8x10 Photo -PROOF- -CERTIFICATE- (A1769),AllieA176922022023rb,29.95,1,,39,,rb
Allie Addison signed model B 8x10 Photo -PROOF- -CERTIFICATE- (A1764),AllieA176422022023rb,29.95,1,,39,,rb
Allie Addison signed model B 8x10 Photo -PROOF- -CERTIFICATE- (A1771),AllieA177122022023rb,29.95,1,,39,,rb
Allie Addison signed model B 8x10 Photo -PROOF- -CERTIFICATE- (A1776),AllieA177622022023rb,29.95,1,,39,,rb
Allie Addison signed model B 8x10 Photo -PROOF- -CERTIFICATE- (A1783),AllieA178322022023rb,29.95,1,,39,,rb
Allie Addison signed model B 8x10 Photo -PROOF- -CERTIFICATE- (A1785),AllieA178522022023rb,29.95,1,,39,,rb
Allie Addison signed model B 8x10 Photo -PROOF- -CERTIFICATE- (A1786),AllieA178622022023rb,29.95,1,,39,,rb
Allie Addison signed model B 8x10 Photo -PROOF- -CERTIFICATE- (A1787),AllieA178722022023rb,29.95,1,,39,,rb
Allie Addison signed model B 8x10 Photo -PROOF- -CERTIFICATE- (A1790),AllieA179022022023rb,29.95,1,,39,,rb
Allie Addison signed model B 8x10 Photo -PROOF- -CERTIFICATE- (A1791),AllieA179122022023rb,29.95,1,,39,,rb
Allie Addison signed model B 8x10 Photo -PROOF- -CERTIFICATE- (A1792),AllieA179222022023rb,29.95,1,,39,,rb
Allie Addison signed model B 8x10 Photo -PROOF- -CERTIFICATE- (A1797),AllieA179722022023rb,29.95,1,,39,,rb
Angel Dark signed model B 8x10 Photo -PROOF- -CERTIFICATE- (A1807),AngelD180722022023rb,29.95,1,,39,,rb
Angel Dark signed model B 8x10 Photo -PROOF- -CERTIFICATE- (A1825),AngelD182522022023rb,29.95,1,,39,,rb
Angel Dark signed model B 8x10 Photo -PROOF- -CERTIFICATE- (A1827),AngelD182722022023rb,29.95,1,,39,,rb
Angel Dark signed model B 8x10 Photo -PROOF- -CERTIFICATE- (A1835),AngelD183522022023rb,29.95,1,,39,,rb
Angel Dark signed model B 8x10 Photo -PROOF- -CERTIFICATE- (A1840),AngelD184022022023rb,29.95,1,,39,,rb
Angel Dark signed model B 8x10 Photo -PROOF- -CERTIFICATE- (A1818),AngelD181822022023rb,29.95,1,,39,,rb
Angel Dark signed model B 8x10 Photo -PROOF- -CERTIFICATE- (A1833),AngelD183322022023rb,29.95,1,,39,,rb
Francine Dee signed model B 8x10 Photo -PROOF- -CERTIFICATE- (A0999),FrancineD099922022023rb,29.95,1,,39,,rb
Francine Dee signed model B 8x10 Photo -PROOF- -CERTIFICATE- (A1000),FrancineD100022022023rb,29.95,1,,39,,rb
Francine Dee signed model B 8x10 Photo -PROOF- -CERTIFICATE- (A1001),FrancineD100122022023rb,29.95,1,,39,,rb
Francine Dee signed model B 8x10 Photo -PROOF- -CERTIFICATE- (A1002),FrancineD100222022023rb,29.95,1,,39,,rb
Francine Dee signed model B 8x10 Photo -PROOF- -CERTIFICATE- (A3389),FrancineD338922022023rb,29.95,1,,39,,rb
Francine Dee signed model B 8x10 Photo -PROOF- -CERTIFICATE- (A3395),FrancineD339522022023rb,29.95,1,,39,,rb
Francine Dee signed model B 8x10 Photo -PROOF- -CERTIFICATE- (A3398),FrancineD339822022023rb,29.95,1,,39,,rb
Francine Dee signed model B 8x10 Photo -PROOF- -CERTIFICATE- (A3399),FrancineD339922022023rb,29.95,1,,39,,rb
Francine Dee signed model B 8x10 Photo -PROOF- -CERTIFICATE- (A3400),FrancineD340022022023rb,29.95,1,,39,,rb
Francine Dee signed model B 8x10 Photo -PROOF- -CERTIFICATE- (A3401),FrancineD340122022023rb,29.95,1,,39,,rb
Francine Dee signed model B 8x10 Photo -PROOF- -CERTIFICATE- (A3403),FrancineD340322022023rb,29.95,1,,39,,rb
Francine Dee signed model B 8x10 Photo -PROOF- -CERTIFICATE- (A3404),FrancineD340422022023rb,29.95,1,,39,,rb
Francine Dee signed model B 8x10 Photo -PROOF- -CERTIFICATE- (A3405),FrancineD340522022023rb,29.95,1,,39,,rb
Francine Dee signed model B 8x10 Photo -PROOF- -CERTIFICATE- (A3406),FrancineD340622022023rb,29.95,1,,39,,rb
Francine Dee signed model B 8x10 Photo -PROOF- -CERTIFICATE- (A3415),FrancineD341522022023rb,29.95,1,,39,,rb
Francine Dee signed model B 8x10 Photo -PROOF- -CERTIFICATE- (A3421),FrancineD342122022023rb,29.95,1,,39,,rb
Francine Dee signed model B 8x10 Photo -PROOF- -CERTIFICATE- (A3424),FrancineD342422022023rb,29.95,1,,39,,rb
Francine Dee signed model B 8x10 Photo -PROOF- -CERTIFICATE- (A3425),FrancineD342522022023rb,29.95,1,,39,,rb
Francine Dee signed model B 8x10 Photo -PROOF- -CERTIFICATE- (A3433),FrancineD343322022023rb,29.95,1,,39,,rb
Francine Dee signed model B 8x10 Photo -PROOF- -CERTIFICATE- (A3434),FrancineD343422022023rb,29.95,1,,39,,rb
Francine Dee signed model B 8x10 Photo -PROOF- -CERTIFICATE- (A3435),FrancineD343522022023rb,29.95,1,,39,,rb
Francine Dee signed model B 8x10 Photo -PROOF- -CERTIFICATE- (A3436),FrancineD343622022023rb,29.95,1,,39,,rb
Francine Dee signed model B 8x10 Photo -PROOF- -CERTIFICATE- (A3439),FrancineD343922022023rb,29.95,1,,39,,rb
Francine Dee signed model B 8x10 Photo -PROOF- -CERTIFICATE- (A3440),FrancineD344022022023rb,29.95,1,,39,,rb
Francine Dee signed model B 8x10 Photo -PROOF- -CERTIFICATE- (A3442),FrancineD344222022023rb,29.95,1,,39,,rb
Francine Dee signed model B 8x10 Photo -PROOF- -CERTIFICATE- (A3443),FrancineD344322022023rb,29.95,1,,39,,rb
Francine Dee signed model B 8x10 Photo -PROOF- -CERTIFICATE- (A3445),FrancineD344522022023rb,29.95,1,,39,,rb
Francine Dee signed model B 8x10 Photo -PROOF- -CERTIFICATE- (A3447),FrancineD344722022023rb,29.95,1,,39,,rb
Francine Dee signed model B 8x10 Photo -PROOF- -CERTIFICATE- (A3448),FrancineD344822022023rb,29.95,1,,39,,rb
Francine Dee signed model B 8x10 Photo -PROOF- -CERTIFICATE- (A3451),FrancineD345122022023rb,29.95,1,,39,,rb
Francine Dee signed model B 8x10 Photo -PROOF- -CERTIFICATE- (A3455),FrancineD345522022023rb,29.95,1,,39,,rb
Francine Dee signed model B 8x10 Photo -PROOF- -CERTIFICATE- (A3456),FrancineD345622022023rb,29.95,1,,39,,rb
Francine Dee signed model B 8x10 Photo -PROOF- -CERTIFICATE- (A3457),FrancineD345722022023rb,29.95,1,,39,,rb
Francine Dee signed model B 8x10 Photo -PROOF- -CERTIFICATE- (A3458),FrancineD345822022023rb,29.95,1,,39,,rb
Francine Dee signed model B 8x10 Photo -PROOF- -CERTIFICATE- (A3459),FrancineD345922022023rb,29.95,1,,39,,rb
Francine Dee signed model B 8x10 Photo -PROOF- -CERTIFICATE- (A3462),FrancineD346222022023rb,29.95,1,,39,,rb
Francine Dee signed model B 8x10 Photo -PROOF- -CERTIFICATE- (A3466),FrancineD346622022023rb,29.95,1,,39,,rb
Francine Dee signed model B 8x10 Photo -PROOF- -CERTIFICATE- (A3471),FrancineD347122022023rb,29.95,1,,39,,rb
Francine Dee signed model B 8x10 Photo -PROOF- -CERTIFICATE- (A3472),FrancineD347222022023rb,29.95,1,,39,,rb
Francine Dee signed model B 8x10 Photo -PROOF- -CERTIFICATE- (A3484),FrancineD348422022023rb,29.95,1,,39,,rb
Francine Dee signed model B 8x10 Photo -PROOF- -CERTIFICATE- (A3485),FrancineD348522022023rb,29.95,1,,39,,rb
Francine Dee signed model B 8x10 Photo -PROOF- -CERTIFICATE- (A3486),FrancineD348622022023rb,29.95,1,,39,,rb
Francine Dee signed model B 8x10 Photo -PROOF- -CERTIFICATE- (A3488),FrancineD348822022023rb,29.95,1,,39,,rb
Francine Dee signed model B 8x10 Photo -PROOF- -CERTIFICATE- (A3492),FrancineD349222022023rb,29.95,1,,39,,rb
Francine Dee signed model B 8x10 Photo -PROOF- -CERTIFICATE- (A3499),FrancineD349922022023rb,29.95,1,,39,,rb
Francine Dee signed model B 8x10 Photo -PROOF- -CERTIFICATE- (A3500),FrancineD350022022023rb,29.95,1,,39,,rb
Francine Dee signed model B 8x10 Photo -PROOF- -CERTIFICATE- (A3502),FrancineD350222022023rb,29.95,1,,39,,rb
Francine Dee signed model B 8x10 Photo -PROOF- -CERTIFICATE- (A3505),FrancineD350522022023rb,29.95,1,,39,,rb
Francine Dee signed model B 8x10 Photo -PROOF- -CERTIFICATE- (A3511),FrancineD351122022023rb,29.95,1,,39,,rb
Francine Dee signed model B 8x10 Photo -PROOF- -CERTIFICATE- (A3514),FrancineD351422022023rb,29.95,1,,39,,rb
Francine Dee signed model B 8x10 Photo -PROOF- -CERTIFICATE- (A3515),FrancineD351522022023rb,29.95,1,,39,,rb
Francine Dee signed model B 8x10 Photo -PROOF- -CERTIFICATE- (A3516),FrancineD351622022023rb,29.95,1,,39,,rb
Francine Dee signed model B 8x10 Photo -PROOF- -CERTIFICATE- (A3524),FrancineD352422022023rb,29.95,1,,39,,rb
Francine Dee signed model B 8x10 Photo -PROOF- -CERTIFICATE- (A3525),FrancineD352522022023rb,29.95,1,,39,,rb
Francine Dee signed model B 8x10 Photo -PROOF- -CERTIFICATE- (A3526),FrancineD352622022023rb,29.95,1,,39,,rb
Francine Dee signed model B 8x10 Photo -PROOF- -CERTIFICATE- (A3533),FrancineD353322022023rb,29.95,1,,39,,rb
Francine Dee signed model B 8x10 Photo -PROOF- -CERTIFICATE- (A3534),FrancineD353422022023rb,29.95,1,,39,,rb
Francine Dee signed model B 8x10 Photo -PROOF- -CERTIFICATE- (A3536),FrancineD353622022023rb,29.95,1,,39,,rb
Francine Dee signed model B 8x10 Photo -PROOF- -CERTIFICATE- (A3537),FrancineD353722022023rb,29.95,1,,39,,rb
Francine Dee signed model B 8x10 Photo -PROOF- -CERTIFICATE- (A3552),FrancineD355222022023rb,29.95,1,,39,,rb
Francine Dee signed model B 8x10 Photo -PROOF- -CERTIFICATE- (A3556),FrancineD355622022023rb,29.95,1,,39,,rb
Francine Dee signed model B 8x10 Photo -PROOF- -CERTIFICATE- (A3574),FrancineD357422022023rb,29.95,1,,39,,rb
Francine Dee signed model B 8x10 Photo -PROOF- -CERTIFICATE- (A3581),FrancineD358122022023rb,29.95,1,,39,,rb
Francine Dee signed model B 8x10 Photo -PROOF- -CERTIFICATE- (A3582),FrancineD358222022023rb,29.95,1,,39,,rb
Francine Dee signed model B 8x10 Photo -PROOF- -CERTIFICATE- (A3583),FrancineD358322022023rb,29.95,1,,39,,rb
Francine Dee signed model B 8x10 Photo -PROOF- -CERTIFICATE- (A3586),FrancineD358622022023rb,29.95,1,,39,,rb
Francine Dee signed model B 8x10 Photo -PROOF- -CERTIFICATE- (A3589),FrancineD358922022023rb,29.95,1,,39,,rb
Francine Dee signed model B 8x10 Photo -PROOF- -CERTIFICATE- (A3597),FrancineD359722022023rb,29.95,1,,39,,rb
Francine Dee signed model B 8x10 Photo -PROOF- -CERTIFICATE- (A3598),FrancineD359822022023rb,29.95,1,,39,,rb
Francine Dee signed model B 8x10 Photo -PROOF- -CERTIFICATE- (A3614),FrancineD361422022023rb,29.95,1,,39,,rb
Francine Dee signed model B 8x10 Photo -PROOF- -CERTIFICATE- (A3621),FrancineD362122022023rb,29.95,1,,39,,rb
Francine Dee signed model B 8x10 Photo -PROOF- -CERTIFICATE- (A3623),FrancineD362322022023rb,29.95,1,,39,,rb
Francine Dee signed model B 8x10 Photo -PROOF- -CERTIFICATE- (A3631),FrancineD363122022023rb,29.95,1,,39,,rb
Francine Dee signed model B 8x10 Photo -PROOF- -CERTIFICATE- (A3638),FrancineD363822022023rb,29.95,1,,39,,rb
Francine Dee signed model B 8x10 Photo -PROOF- -CERTIFICATE- (A3642),FrancineD364222022023rb,29.95,1,,39,,rb
Francine Dee signed model B 8x10 Photo -PROOF- -CERTIFICATE- (A3644),FrancineD364422022023rb,29.95,1,,39,,rb
Francine Dee signed model B 8x10 Photo -PROOF- -CERTIFICATE- (A3647),FrancineD364722022023rb,29.95,1,,39,,rb
Francine Dee signed model B 8x10 Photo -PROOF- -CERTIFICATE- (A3649),FrancineD364922022023rb,29.95,1,,39,,rb
Francine Dee signed model B 8x10 Photo -PROOF- -CERTIFICATE- (A3650),FrancineD365022022023rb,29.95,1,,39,,rb
Francine Dee signed model B 8x10 Photo -PROOF- -CERTIFICATE- (A3656),FrancineD365622022023rb,29.95,1,,39,,rb
Francine Dee signed model B 8x10 Photo -PROOF- -CERTIFICATE- (A3659),FrancineD365922022023rb,29.95,1,,39,,rb
Francine Dee signed model B 8x10 Photo -PROOF- -CERTIFICATE- (A3671),FrancineD367122022023rb,29.95,1,,39,,rb
Francine Dee signed model B 8x10 Photo -PROOF- -CERTIFICATE- (A3674),FrancineD367422022023rb,29.95,1,,39,,rb
Francine Dee signed model B 8x10 Photo -PROOF- -CERTIFICATE- (A3675),FrancineD367522022023rb,29.95,1,,39,,rb
Francine Dee signed model B 8x10 Photo -PROOF- -CERTIFICATE- (A3677),FrancineD367722022023rb,29.95,1,,39,,rb
Francine Dee signed model B 8x10 Photo -PROOF- -CERTIFICATE- (A3678),FrancineD367822022023rb,29.95,1,,39,,rb
Francine Dee signed model B 8x10 Photo -PROOF- -CERTIFICATE- (A3679),FrancineD367922022023rb,29.95,1,,39,,rb
Francine Dee signed model B 8x10 Photo -PROOF- -CERTIFICATE- (A3681),FrancineD368122022023rb,29.95,1,,39,,rb
Francine Dee signed model B 8x10 Photo -PROOF- -CERTIFICATE- (A3683),FrancineD368322022023rb,29.95,1,,39,,rb
Francine Dee signed model B 8x10 Photo -PROOF- -CERTIFICATE- (A3691),FrancineD369122022023rb,29.95,1,,39,,rb
Francine Dee signed model B 8x10 Photo -PROOF- -CERTIFICATE- (A3707),FrancineD370722022023rb,29.95,1,,39,,rb
Francine Dee signed model B 8x10 Photo -PROOF- -CERTIFICATE- (A3716),FrancineD371622022023rb,29.95,1,,39,,rb
Francine Dee signed model B 8x10 Photo -PROOF- -CERTIFICATE- (A3717),FrancineD371722022023rb,29.95,1,,39,,rb
Francine Dee signed model B 8x10 Photo -PROOF- -CERTIFICATE- (A3729),FrancineD372922022023rb,29.95,1,,39,,rb
Francine Dee signed model B 8x10 Photo -PROOF- -CERTIFICATE- (A3733),FrancineD373322022023rb,29.95,1,,39,,rb
Francine Dee signed model B 8x10 Photo -PROOF- -CERTIFICATE- (A3735),FrancineD373522022023rb,29.95,1,,39,,rb
Francine Dee signed model B 8x10 Photo -PROOF- -CERTIFICATE- (A3739),FrancineD373922022023rb,29.95,1,,39,,rb
Francine Dee signed model B 8x10 Photo -PROOF- -CERTIFICATE- (A3740),FrancineD374022022023rb,29.95,1,,39,,rb
Francine Dee signed model B 8x10 Photo -PROOF- -CERTIFICATE- (A3744),FrancineD374422022023rb,29.95,1,,39,,rb
Francine Dee signed model B 8x10 Photo -PROOF- -CERTIFICATE- (A3761),FrancineD376122022023rb,29.95,1,,39,,rb
Francine Dee signed model B 8x10 Photo -PROOF- -CERTIFICATE- (A3766),FrancineD376622022023rb,29.95,1,,39,,rb
Francine Dee signed model B 8x10 Photo -PROOF- -CERTIFICATE- (A3770),FrancineD377022022023rb,29.95,1,,39,,rb
Francine Dee signed model B 8x10 Photo -PROOF- -CERTIFICATE- (A3780),FrancineD378022022023rb,29.95,1,,39,,rb
Francine Dee signed model B 8x10 Photo -PROOF- -CERTIFICATE- (A3783),FrancineD378322022023rb,29.95,1,,39,,rb
Francine Dee signed model B 8x10 Photo -PROOF- -CERTIFICATE- (A3785),FrancineD378522022023rb,29.95,1,,39,,rb
Francine Dee signed model B 8x10 Photo -PROOF- -CERTIFICATE- (A3786),FrancineD378622022023rb,29.95,1,,39,,rb
Francine Dee signed model B 8x10 Photo -PROOF- -CERTIFICATE- (A3789),FrancineD378922022023rb,29.95,1,,39,,rb
Francine Dee signed model B 8x10 Photo -PROOF- -CERTIFICATE- (A3790),FrancineD379022022023rb,29.95,1,,39,,rb
Francine Dee signed model B 8x10 Photo -PROOF- -CERTIFICATE- (A3791),FrancineD379122022023rb,29.95,1,,39,,rb
Francine Dee signed model B 8x10 Photo -PROOF- -CERTIFICATE- (A3802),FrancineD380222022023rb,29.95,1,,39,,rb
Francine Dee signed model B 8x10 Photo -PROOF- -CERTIFICATE- (A3806),FrancineD380622022023rb,29.95,1,,39,,rb
Francine Dee signed model B 8x10 Photo -PROOF- -CERTIFICATE- (A3809),FrancineD380922022023rb,29.95,1,,39,,rb
Francine Dee signed model B 8x10 Photo -PROOF- -CERTIFICATE- (A3810),FrancineD381022022023rb,29.95,1,,39,,rb
Francine Dee signed model B 8x10 Photo -PROOF- -CERTIFICATE- (A3815),FrancineD381522022023rb,29.95,1,,39,,rb
Jade Kush signed model B 8x10 Photo -PROOF- -CERTIFICATE- (A4003),JadeK400322022023rb,29.95,1,,39,,rb
Morgan Lee And Megan Rain  06-15-2017 signed model B 8x10 Photo -PROOF- -CERTIFICATE- (A0008),Morgan Lee And Megan Rain 0000822022023rb,29.95,1,,39,,rb
Tru Kait signed model B 8x10 Photo -PROOF- -CERTIFICATE- (A6616),TruK661622022023rb,29.95,1,,39,,rb
Tru Kait signed model B 8x10 Photo -PROOF- -CERTIFICATE- (A6621),TruK662122022023rb,29.95,1,,39,,rb
Tru Kait signed model B 8x10 Photo -PROOF- -CERTIFICATE- (A6648),TruK664822022023rb,29.95,1,,39,,rb
Tru Kait signed model B 8x10 Photo -PROOF- -CERTIFICATE- (A6658),TruK665822022023rb,29.95,1,,39,,rb
Tru Kait signed model B 8x10 Photo -PROOF- -CERTIFICATE- (A6659),TruK665922022023rb,29.95,1,,39,,rb
Tru Kait signed model B 8x10 Photo -PROOF- -CERTIFICATE- (A6660),TruK666022022023rb,29.95,1,,39,,rb
Tru Kait signed model B 8x10 Photo -PROOF- -CERTIFICATE- (A6661),TruK666122022023rb,29.95,1,,39,,rb
Tru Kait signed model B 8x10 Photo -PROOF- -CERTIFICATE- (A6662),TruK666222022023rb,29.95,1,,39,,rb
Tru Kait signed model B 8x10 Photo -PROOF- -CERTIFICATE- (A6663),TruK666322022023rb,29.95,1,,39,,rb
Tru Kait signed model B 8x10 Photo -PROOF- -CERTIFICATE- (A6664),TruK666422022023rb,29.95,1,,39,,rb
